Link,Title,Location,Summary
https://kr.indeed.com/viewjob?jk=7ad982fec3792221,[외국계상장사]데이터분석가(Data Analyst),서울 강남구,데이터·AI(인공지능)>빅데이터|인터넷·IT·통신·모바일·게임>빅데이터·AI(인공지능)>데이터분석|인터넷·IT·통신·모바일·게임>빅데이터·AI(인공지능)> Python|인터넷·IT·통신·모바일·게임>빅데이터·AI(인공지능)>R
https://kr.indeed.com/viewjob?jk=4f3d236acc938c25,디지털미디어/영상관리/영상변환 엔지니어 - 글로벌 OTT서비스 기업,서울 강남구,게임>멀티미디어(동영상·음향)>코덱·인코딩|인터넷·IT·통신·모바일·게임>멀티미디어(동영상·음향)>멀티미디어기획|인터넷·IT·통신·모바일·게임>응용프로그래머>클라우드|인터넷·IT·통신·모바일·게임>응용프로그래머> Python
https://kr.indeed.com/viewjob?jk=ac3ed9f0635e9bf2,"Software Engineer, Android Connectivity",서울 강남구,"one or more... following languages: C, C++, Java, or Python.Preferred qualifications:5 years of experience in Android..."
https://kr.indeed.com/viewjob?jk=3b7dbdf85a326a6d,국내 대기업 - AI 및 딥러닝 관련 경력자,서울,"관련 전문 지식 있는 분 - Python 또는 Scala, JAVA 활용... 레임워크 활용 역량 좋은 분- 자연어처리 관련 전문 지식 있는 분- Python 또는 Scala, JAVA 활용 역량- 미디어/커머스/전자/IT 업계..."
https://kr.indeed.com/viewjob?jk=192c20f6f0f64ab3,[2022 전문연구요원] AI R&D - Language AI,성남 판교역,"기술을 서비스에 적용하기 위한 MLOps 플랫폼을 개발합니다. 지원자격 학력 : 석사 이상 필수조건 - Python, Java등 한 가지 이상의 컴퓨터 프로그래밍 언어를 활용할 수 있으신 분 - 머신러닝/딥러닝 기술에 대한..."
https://kr.indeed.com/viewjob?jk=2dc8669ffa8fd565,㈜인브레인에이아이 - 백앤드 개발자,서울 금천구,"학력 : 무관ㆍ경력 : 5년 이상ㆍ활용언어 - JAVA(spring, spring boot 등) - Python(Django, flask 등) - node js(express) - Database - Mysql - MSSql..."
https://kr.indeed.com/viewjob?jk=872035f47cfd4850,자산운용팀 전략/리스크팀 퀀트(겨울방학 인턴),대한민국,공자의 경우 관련 과목 12학점 이상 이수 - Microsoft 엑셀 능숙자 선택 사항 (평가 가산점) - Python 또는 VBA 등 코딩 Skill 보유 - 관련 업종에서 2개월 이상 인턴쉽 또는 근무 경력 보유 - 관련...
https://kr.indeed.com/viewjob?jk=eb926fc0cbbd16d1,"응용프로그램개발,인공지능(AI),머신러닝,Python,TensorFlow",서울 역삼동,"알고리즘, 머신러닝, Python, Pytorch, Tensorflow... 학습모델, 데이터 분석 담당업무 - 알고리즘/머신러닝/학습모델 R&D - Python, Pytorch, Tensorflow, TensorRT 코딩..."
https://kr.indeed.com/viewjob?jk=8251fec871096ecb,[일본계 대기업] FAE (Field Application Engineer) 신입,서울 영등포구,"해ㆍ영상처리 이해ㆍ운전면허소지자ㆍ영어 혹은 일본어 가능자[우대사항]ㆍ Python, C/C++ 분석/작성 가능ㆍ정보처리기사ㆍEmbedded system... 지니어/ Engineer/FAE/ python/C/C++/Electronic..."
https://kr.indeed.com/viewjob?jk=824d7d9b39776e09,[TmaxTibero/기술] DBMS 제품 QA,성남 분당구,"k8s, aws 환경 기반 테스트 환경 구축 경험자 개발 경력자 - Java(Spring), Python - 테스트 자동화 프레임워크 개발 경험자 - JDBC / .Net(C#) 기반 단위 테스트 프로그램 개발 가능자..."
https://kr.indeed.com/viewjob?jk=0c562829bc5f8209,[로민] 백엔드(Back-end) 개발자,서울 서초구,최적화를 담당합니다.빌드/배포 자동화 파이프라인을 구축합니다.로그 모니터링과 장애를 감지하여 대응합니다. 인터넷·IT·통신·모바일·게임>웹프로그래머>백엔드|인터넷·IT·통신·모바일·게임>빅데이터·AI(인공지능)> Python
https://kr.indeed.com/viewjob?jk=19e38df915c7123c,S/W 개발자,고양 일산동구,양식: 인크루트 이력서 기타 유의사항 입사지원서 및 제출서류에 허위사실이 있을 경우 채용이 취소될 수 있습니다. 인터넷·IT·통신·모바일·게임>응용프로그래머>C·C++|인터넷·IT·통신·모바일·게임>응용프로그래머> Python
https://kr.indeed.com/viewjob?jk=1e4ca4e4ddf036ea,Quantitative Researcher,서울,etc.) Excellent academic record Proficiency in C/C++ or Python... other programming languages Excellent problem solving...
https://kr.indeed.com/viewjob?jk=4224a50334e81fe9,포체인스(주)와 함께 할 개발자 인재,고양 일산서구,AI(인공지능)> Python|인터넷·IT·통신·모바일·게임>빅데이터·AI(인공지능)>머신러닝|인터넷·IT·통신·모바일·게임>빅데이터·AI(인공지능)>데이터분석|인터넷·IT·통신·모바일·게임>응용프로그래머> Python|인터넷...
https://kr.indeed.com/viewjob?jk=78e77be539dbf026,[정보보안] 모의해킹[책임매니저],대한민국,"상의 경력을 보유하신 분 침투테스트 또는 RED TEAM 업무 수행 경험이 있으신 분 개발 언어 사용 가능 ( Python, C, C++, Java 등) 하신 분 보고서 작성, 논리적 사고, 협업 및 커뮤니케이션 역량을 보유하..."
https://kr.indeed.com/viewjob?jk=24bbedffb12611aa,안드로이드 개발자,서울 중구,영체제 및 디바이스에 대한 이해자우대사항 인터넷·IT·통신·모바일·게임>통신·모바일>스마트폰 어플리케이션(App)|인터넷·IT·통신·모바일·게임>응용프로그래머>JAVA|인터넷·IT·통신·모바일·게임>응용프로그래머> Python
https://kr.indeed.com/viewjob?jk=f54bac6c78fd3240,코딩에 빠진 수퍼 개발자 (펌웨어 개발),성남 수정구,"학력무관직무기술: 펌웨어(Firmware), Embedded System S/W 개발(판교) c/c++, Python 3 명 근무조건 고용형태: 정규직근무부서: 개발팀급여조건: 연봉 협의 후 결정 전형단계 및 제출서류 전형단..."
https://kr.indeed.com/viewjob?jk=d304f093d88aae7f,"[2022-07, 2차] 각 부문 신입/경력사원",천안 동남구,게임>빅데이터·AI(인공지능)> Python|인터넷·IT·통신·모바일·게임... 설치·수리·정비·A/S >유지보수|인터넷·IT·통신·모바일·게임>웹프로그래머> Python|인터넷·IT·통신·모바일·게임>응용프로그래머> Python
https://kr.indeed.com/viewjob?jk=48c56fc0745c828e,D-lab 팀원 모집,서울 여의도,"Spark 등) - Data Pipeline 구성, 모니터링 및 성능 최적화 (Tableau 또는 Python Torch, Tensorflow 등 ML Library와 BI 분석을 위한 데이터 공급) 2) Back..."
https://kr.indeed.com/viewjob?jk=0dad27533fee10c3,[마블러스] 백엔드 개발자 주니어/시니어,대한민국,"Kotlin도 함께 다룰줄 아시는 분ㆍ Python으로 서버 개발 경험 있으시거나 언어를 두 개(Java, Python) 해도 괜찮으신 분ㆍ코드리뷰... 7년 이상ㆍJava 또는 python을 다룰줄 아시는 분ㆍ Spring..."
https://kr.indeed.com/viewjob?jk=807cfa585cf72eec,네이버 파이낸셜 플랫폼 운영,성남 서현동,"Docker(kubernetes) 및 어플리케이션 배포 전략 지식 보유 - Shell script, python 및 web framework 등 기타 프로그래밍 언어 활용 가능 - 국가보훈대상자 및 장애인은 법령에 의거..."
https://kr.indeed.com/viewjob?jk=ad295b2989beecbb,[취업연계/전공무관] 하이테크과정 교육생 (생명의료/임베디드),경기도,통신·모바일·게임>빅데이터·AI(인공지능)>데이터분석|인터넷·IT·통신·모바일·게임>빅데이터·AI(인공지능)> Python|인터넷·IT·통신·모바일·게임>빅데이터·AI(인공지능)>머신러닝|인터넷·IT·통신·모바일·게임>빅데이터...
https://kr.indeed.com/viewjob?jk=8a6b6ce0b31ec8d4,클라우드 분야 경력,서울,"가능하신 분 ② 인프라 운영에 필요한 기본적인 스크립트 작성 능력 보유 - ShellScript, Python, Java 등 우대사항(해당 내용 중 1개 이상) - 대용량 데이터베이스 운영 경험 - OGG, SharePlex..."
https://kr.indeed.com/viewjob?jk=46da8199d58ac00c,[TmaxAI/R&D] NLP/음성 부문 AI모델 개발자(*전문연구요원 병역특례포함),성남 분당구,"23년 2월 졸업 예정자 [음성, 자연어처리] -관련 분야의 연구 경험 / 기본 지식 보유자 -기본적인 Python 프로그래밍이 가능하신 분 [감성 분석 / 신사업 솔루션 개발] -머신러닝 및 딥러닝, 언어모델의 종류와..."
https://kr.indeed.com/viewjob?jk=e91b5984e7f5d3fd,"데이터베이스개발자, 웹개발 신입/경력 정규직",서울 영등포구,"개발자 ㆍCss/html 등 웹디자인 관련 유경험자 ㆍ자바스크립트, Python, C++, 닷넷 등 ㆍNode, Selenium, electron... 관련 유경험자ㆍ자바스크립트, Python, C++, 닷넷 등 ㆍNode..."
https://kr.indeed.com/viewjob?jk=edafcf6e5e41b04a,SW개발자 경력,서울 강남구,"자격요건 담당업무 자격요건 인원 [담당업무]- 응용 프로그램 개발- Python, LabVIEW, C/C++, C# 언어 활용- 제어/계측 프로그램... Labview|인터넷·IT·통신·모바일·게임>응용프로그래머> Python"
https://kr.indeed.com/viewjob?jk=746abdcc1407ca49,임베디드 개발자,서울 송파구,스템프로그래머>임베디드(Embedded)|인터넷·IT·통신·모바일·게임>시스템프로그래머>사물인터넷(IoT) 개발|인터넷·IT·통신·모바일·게임>응용프로그래머>C·C++|인터넷·IT·통신·모바일·게임>응용프로그래머> Python
https://kr.indeed.com/viewjob?jk=b22adf00b47eaa32,AI Research Engineer,서울,"PyTorch, Caffe, and MxNet - Strong programming skills with Python and C/C++ - Experiences in programming and testing in Linux..."
https://kr.indeed.com/viewjob?jk=a3a65a4d59061430,위시켓과 함께할 서버개발자님,서울 강남구,"를 활용한 정적 페이지 연계 - Docker, Jenkins 등을 활용한 CI/CD 개선 자격조건 - Python 기반의 프레임워크를 이용한 웹서비스 구축 또는 운영 경험 - Django 기반의 웹 서비스 구축 또는 운영..."
https://kr.indeed.com/viewjob?jk=f8b23027040c6b48,Applied Machine Learning Engineer (Recommendation),서울 중구,통신·모바일·게임>빅데이터·AI(인공지능)>데이터분석|인터넷·IT·통신·모바일·게임>빅데이터·AI(인공지능)> Python|인터넷·IT·통신·모바일·게임>빅데이터·AI(인공지능)>머신러닝|인터넷·IT·통신·모바일·게임>빅데이터...
https://kr.indeed.com/viewjob?jk=ba10bbc7d70dfce3,QA Engineer (QA Group),서울 성동구,통신·모바일·게임>응용프로그래머> Python|인터넷·IT·통신·모바일·게임... 게임>웹프로그래머>JAVA|인터넷·IT·통신·모바일·게임>웹프로그래머> Python|인터넷·IT·통신·모바일·게임>빅데이터·AI(인공지능)> Python
https://kr.indeed.com/viewjob?jk=13db949120fc8e68,[주식회사 아크릴] 개발자 정규직 모집,서울 청담동,담당업무 모집부문 담당업무 자격요건 인원 백엔드 - 서비스 백엔드 개발( Python) [자격요건] - 학력 : 무관 - 경력 : 신입무관 - 성별... 성별 : 무관 - 연령 : 무관 Python 프로그래밍이 가능하신 분...
https://kr.indeed.com/viewjob?jk=c1e6b86981d01a93,데이터 엔지니어,서울 영등포구,마케팅 관련 데이터 분석 인터넷·IT·통신·모바일·게임>빅데이터·AI(인공지능)>데이터분석|인터넷·IT·통신·모바일·게임>빅데이터·AI(인공지능)> Python|인터넷·IT·통신·모바일·게임>빅데이터·AI(인공지능)>빅데이터
https://kr.indeed.com/viewjob?jk=1d0e51e2e431995b,[농심ENG] 신입/경력사원 정기채용,서울 신대방동,"프로세싱 알고리즘 개발 경험자 - Open CV, Halcon, Python 사용자 - Vision SW 개발 경험자 - Deep Learning... Open CV, Halcon, Python 사용자 - Vision SW..."
https://kr.indeed.com/viewjob?jk=decac6f4c8c79f2f,연구기획 부문 채용,서울 서교동,"분 • 인공지능(AI) 신약개발 업무 경력 3년 이상인 분 [우대사항] • 데이터베이스 관리, 코딩( Python 등), AI 또는 데이터마이닝을 경험하신 분 • 전자연구노트 및 연구정보 시스템 관리를 경험한 분 • 제약사..."
https://kr.indeed.com/viewjob?jk=4d6fa0f1b9726d7c,디지털 미디어 매니저(퍼포먼스&브랜딩) 신입/경력,서울 서초구,[우대 요건] 1) 마케팅 전공자 2) 영어 커뮤니케이션 가능자 3) Python을 통한 프로그래밍 가능자 4) 구글 및 페이스북 셀프서브 가능자 5) GA 및 써드파티 트래커 활용 가능자 마케팅·광고·홍보·조사>마케팅>온라인마케팅
https://kr.indeed.com/viewjob?jk=6bf4082df7c99159,[글로벌디지털마케팅] 디지털 데이터 분석 및 운영 담당자 정규직,성남 분당구,"개발- Python을 활용한 데이터 분석 경험- ML을 활용한 구매예측 등 예측 모형 개발 및 활용 경험 [우대]- Python을 활용한 데이터 분석 업무 경험- Airflow, FastAPI, Python, RDB 활용한..."
https://kr.indeed.com/viewjob?jk=d49618d656468d9b,데이터 분석가,서울 송파구,"및 분석, 개선- 서비스화를 위한 플랫폼 적용✔️ 필요 역량입니다.- 분석 업무 3~10년 이하 이신 분- python 언어를 통한 분석 가능하신 분- 분석을 통한 실제 비즈니스 문제 해결 경험- 다양한 직군과의 커뮤니케이션..."
https://kr.indeed.com/viewjob?jk=1f871deda8bbb58f,[선행기술원] AI 모델 데이터 최적화 기술[책임연구원],성남 판교역,보유 또는 박사학위 소지자) 최신 AI 기술에 대한 폭 넓은 이해 및 데이터 최적화 역량을 보유하신 분 Python/C/C++ 등 S/W 활용 능력을 보유하신 분 TensorFlow/PyTorch 등 딥 러닝 프레임워크...
https://kr.indeed.com/viewjob?jk=19f161e376c51680,[신용리스크모델링] 개인/개인사업자 신용평가모형 개발 및 운영 담당자,성남 분당구,"분· 데이터 처리 및 탐색적 분석에 어려움이 없고, SAS/SQL/ PYTHON/R 등의 소프트웨어를 이용하여 모형 개발에 능숙한 분 우대사항 · 머신... 게임>빅데이터·AI(인공지능)> Python|인터넷·IT·통신·모바일·게임..."
https://kr.indeed.com/viewjob?jk=b3206850d3155b47,스마트 교통 시스템 S/W 개발자 (신입),서울 구로구,"분야 : 라즈베리 파이 기반 프로그래밍, 펌웨어 및 어플리케이션 개발 2) 주요 사용 언어 : C, C++, Python 3) 라즈베리 파이, 아두이노, 기타 MCU 개발 경험자 우대, 리눅스 환경 경험자 우대 &nb 인터넷..."
https://kr.indeed.com/viewjob?jk=8d82ffc3587320ea,ML/DL Data Scientist,서울 영등포구,"Kubernetes 기반 ML 파이프라인 개발/서비스 경험 - AWS, K8S 환경 내 모델링/개발 경험 - Python 프로그래밍 숙련자 (주요 ML/DL 라이브러리, 프레임워크 사용 능력 포함) - 딥러닝 기술 현업 적용..."
https://kr.indeed.com/viewjob?jk=8d2f75907b2ae2dc,연구개발부문 Software Engineer 경력 사원,창원 성산구,"Safety, CI/CD 관련 개발 지식/경험 우대 •C/C++, Python, JCasC (Jenkins Configuration as Code... 개발 실무 경력 •C, C++, Python, XML 등을 이용한 SW..."
https://kr.indeed.com/viewjob?jk=99d4c13cfc94b4ce,"[보안 컨설팅] 수준높은 취약점 진단, 모의해킹 컨설턴트 신입/경력 정규직, 병특",서울 강남구,"의해킹 경력이 3년 이상인 분- OT 영역 취약점 진단, 모의해킹 수행 경력 있는 분- 자동화 및 스크립트 ( Python, Shell, AWS Lambda) 개발 경험을 보유한 분- 보안시스템의 API 연동이나, Script..."
https://kr.indeed.com/viewjob?jk=7c13920359c16bdc,[MUSMA] IT 솔루션 스타트업 Data Science 팀원,서울,인터넷·IT·통신·모바일·게임>빅데이터·AI(인공지능)> Python|인터넷·IT·통신·모바일·게임>빅데이터·AI(인공지능)>tensorflow|인터넷·IT·통신·모바일·게임>빅데이터·AI(인공지능)>머신러닝|인터넷·IT·통신...
https://kr.indeed.com/viewjob?jk=20a48985ccd54646,데이터 엔지니어 모집,서울 연건동,"Factory, Synapse Analytics) • Spark 기반 ETL 업무수행 경험자 • Python 기반 데이터 크롤링 경험자 • 리포팅 도구(Tableau, Power BI 등) 사용 경험 보유 따로 준비..."
https://kr.indeed.com/viewjob?jk=27efbf31dc7befc6,[3년 이상] Analytics/Data Angineer,서울 중구,"RDB/No-SQL(Mongo, Redis)에 대한 이해 및 경험 Python... React 개발 경험 Hadoop, Spark 등 분산... 인터넷·IT·통신·모바일·게임>빅데이터·AI(인공지능)> Python"
https://kr.indeed.com/viewjob?jk=79968360763a8375,머신비전 응용 소프트웨어 개발 엔지니어,부산 남구,C·C++|인터넷·IT·통신·모바일·게임>응용프로그래머>C#|인터넷·IT·통신·모바일·게임>응용프로그래머> Python|인터넷·IT·통신·모바일·게임>ERP·시스템분석·설계>시스템엔지니어|전자·기계·기술·화학·연구개발>기계...
https://kr.indeed.com/viewjob?jk=181991cb8750cd55,해석부문 신입사원 추가 공개채용,서울 가산동,"및 금형파손분석, 주조해석(AnyCasting 사용 가능자 우대) • 업무자동화(Coding, VBA, Python), 인공지능, 딥러닝/머신러닝, 빅데이터 기계, 자동차, 전기전가, 제어 및 관련학과 서울 공통자격..."
https://kr.indeed.com/viewjob?jk=97d1b4b365b1b507,AI Backend 시스템 개발 전문가,서울 중구,"기반 개발 / 운영 경험- Python, Java 등 개발 숙련자... 데이터분석|인터넷·IT·통신·모바일·게임>빅데이터·AI(인공지능)> Python|인터넷·IT·통신·모바일·게임>빅데이터·AI(인공지능)>머신러닝|인터넷..."
https://kr.indeed.com/viewjob?jk=ce8d603fe0a68951,"C#, 소프트웨어 or Python 기반 응용 S/W 개발 신입/경력",서울 금천구,Python 기반 응용 S/W 개발 신입/경력 채용 모집부문 및 자격요건 담당업무 자격요건 인원 [담당업무]C# S/W 개발 or Python 기반... 트웨어|인터넷·IT·통신·모바일·게임>빅데이터·AI(인공지능)> Python
https://kr.indeed.com/viewjob?jk=bee2a147898fd73e,클라리파이 기업부설연구소 연구원,서울 종로구,통신·모바일·게임>응용프로그래머> Python|인터넷·IT·통신·모바일·게임>빅데이터·AI(인공지능)>인공지능(AI)|인터넷·IT·통신·모바일·게임>빅데이터·AI(인공지능)> Python|인터넷·IT·통신·모바일·게임>빅데이터...
https://kr.indeed.com/viewjob?jk=96f11ff8f7f5da0e,음성인식 음향모델 기술 개발 전문가,서울 중구,게임>빅데이터·AI(인공지능)> Python|인터넷·IT·통신·모바일·게임... 모바일·게임>응용프로그래머> Python|인터넷·IT·통신·모바일·게임>응용프로그래머>C·C++|인터넷·IT·통신·모바일·게임>웹프로그래머> Python
https://kr.indeed.com/viewjob?jk=0cb4a784529cb1b8,Software Engineer,서울,"languages, including... limited to: C++, Java, C, and Python. Excellent verbal and written communication skills. About..."
https://kr.indeed.com/viewjob?jk=2b9e604e63e7e46d,[카카오커머스] 기술직군,성남 분당구,"우대사항 - 전자금융 감독규정, PCIDSS에 대한 실무 경험이나 이해도가 높으신 분 - JAVA, Python, shell script 등 개발 역량을 갖추신 분 - 웹/앱 취약점 진단 및 모의해킹 역량을 갖추신..."
https://kr.indeed.com/viewjob?jk=41d530f43042e12a,애크미랩 활발한 데이터 엔지니어&분석가 찾습니다.,서울 강남구,"에 대한 이해가 높으며, 관계형 데이터베이스, query authoring(SQL)에 대한 경험이 필요함- Python 사용 경험이 있으며, 이해가 높아야 함- ‘Big data’ data pipeline을 구축하고 최적화에..."
https://kr.indeed.com/viewjob?jk=bec33b19427238a4,(주)작당모의 앱 개발자,서울 서초구,"1. 백엔드 개발 1년이상, OOP/Function Language 개발 가능, AWS 개발 경험 등 2. Python Django 개발, Nodejs React 개발, MySQL 개발 경험 등 3. React Native..."
https://kr.indeed.com/viewjob?jk=889ce94eaaf84122,[NAVER Z] 데이터 엔지니어,성남 분당구,"및 필요 역량- 관련 분야 개발 경력 3년 이상- Scala/Java/ Python, Spark, Kafka(Stream) 기반 빅 데이터 처리 경험이... 통신·모바일·게임>응용프로그래머> Python|인터넷·IT·통신·모바일·게임..."
https://kr.indeed.com/viewjob?jk=9a485175597a753c,Software Engineer,서울 강남구,"languages, including... limited to: C++, Java, C, and Python.Excellent verbal and written communication skills. About..."
https://kr.indeed.com/viewjob?jk=38521115cdd8bd2e,[글로벌AI]인공지능(AI) Engineer,서울,"커뮤니케이션 - 대화형 AI, 챗봇 개발 및 테스트 *자격요건* - 경력: 0~2년 - Java, Python, javascript, Ruby 등의 기술을 보유하신 분 - 기업근무 경험이 없어도 챗봇을 오픈소스 등으..."
https://kr.indeed.com/viewjob?jk=c759fe51adbc3ea1,SCM혁신 신입/경력 사원 공개채용,서울 신천동,"system 유경험자 및 다양한 데이터 분석 및 분석툴 활용 유경험자 우대(Power BI, Tableau, Python, Visual Basic 등) 김천 상세보기 전형절차 - 지원서 접수 > 서류전형 > 직무적성..."
https://kr.indeed.com/viewjob?jk=99bfc57033706104,파수 2022년 하반기 신입/경력 공개 (1차),서울 마포구,통신·모바일·게임>웹프로그래머> Python|인터넷·IT·통신·모바일·게임... 설계>딥러닝|인터넷·IT·통신·모바일·게임>빅데이터·AI(인공지능)> Python|인터넷·IT·통신·모바일·게임>빅데이터·AI(인공지능)>딥러닝|인터넷...
https://kr.indeed.com/viewjob?jk=33ed345e7c2a184b,[11번가] 전시 Backend 개발 분야,서울 중구,"2. 활용기술[서버 개발]- Spring Boot 2.x, Spring Cloud, Reactor, Python, Node.js- Oracle, MongoDB, MySQL, Kafka, Redis, Spring Cloud..."
https://kr.indeed.com/viewjob?jk=659e8fe1fe7f9089,Data/Digital Analyst,서울,"MS Excel skills. Other data analytics skills like SQL, R or Python would be an advantage * Strong quantitative skills..."
https://kr.indeed.com/viewjob?jk=c75dc1bc4ae2c8ee,항공엔진 연구개발 경력직 채용,서울,"우대사항 - CFD 해석을 위한 전처리 작업 및 결과 분석 유경험자 (Catia, NX, ANSYS, Python) - CFD 해석 코드 유경험자 (ANSYS Fluent, OpenFOAM, Cantera) - 케로신 또는..."
https://kr.indeed.com/viewjob?jk=df0bb90702bee2ac,클라우드 기술지원 엔지니어,성남 판교역,"Linux, Windows Server 트러블 슈팅 숙련자 - 2년 이상의 개발 경험자 (PHP, Python 등) - 아래 기술 분야 중 1개 이상의 풍부한 지식 및 운영 경험 보유자... Open Source..."
https://kr.indeed.com/viewjob?jk=79fb95da6dff4025,하반기 신입(채용 연계형 인턴) 수시채용,서울 마곡동,"Python, R, 기타 코딩 능력 보유자 또는 통계 분석에 대한 기초 지식 보유자 중 1개 해당자 우대사항 · 통계 분석에 대한 기초 지식 보유자 · 기초 프로그래밍 코딩 구현 능력 보유자 ( Python or R..."
https://kr.indeed.com/viewjob?jk=b7e9e9d0811a05bd,Application Engineering Intern,서울,1-2 semesters left for graduation. Familiar with C/C++/ python programming language. Good understanding of network...
https://kr.indeed.com/viewjob?jk=035ff179dbf4f139,[Cloud] Kubernetes Engineer,성남 분당구,"운영 경력 5년 이상인 분· Cloud 환경에서 서비스 구축 및 운영 경험이 있 는 분· Golang, Python, Java, Javascript 등 하나 이상의 프로그래밍 언어에 익숙한 분우대사항 · Kubernetes..."
https://kr.indeed.com/viewjob?jk=2f3ae2651275ee1f,언어이해(NLU) 기술 전문가,서울 종로구,"어이해 모델을 위한 언어 리소스/말뭉치의 설계 구축에 대한 이해 · 프로그래밍언어: C/C++, JAVA, Python, Shell script 등- 경험사항 · 봇빌더/챗봇 등 대화형 AI 솔루션/서비스를 위한 NLU 엔진..."
https://kr.indeed.com/viewjob?jk=b0d41c1e1d898321,BRAIN Research Intern,서울,programming experience in one... following (Java/C++/C/ Python/MySQL/SQL Server); knowledge of UNIX preferred Possess...
https://kr.indeed.com/viewjob?jk=762f4670e39d3075,전산전문인력(~7/24),대한민국,"Struts, JSP, Javascript, CSS) 프로젝트 참여 경험 - 프로그래밍 개발(JAVA, Python, Go, C) 경험 - Database(Oracle, MS-SQL 등) 관련 업무 지식 우대사항 - 금융..."
https://kr.indeed.com/viewjob?jk=71c47ac87bb4087e,기술 인턴 인공지능 응용 연구/개발 인턴,서울 관악구,"6개월) (협의) *모집 절차: 서류 à인터뷰(오프라인) *지원 자격: 프로그래밍 언어 활용 능력: Python, C, C++ 중 1가지 이상 데이터구조, 알고리즘 과목 이수 머신러닝과 딥러닝의 기본 개념 이해 머신러닝..."
https://kr.indeed.com/viewjob?jk=1ef73c112e60e702,'22년 8월 본부Staff(DX분야) 경력사원 (서울),서울 강서구,"1. 직무 상세 - Python Front End/Back End 개발,Vision AI 개발 2. 필수사항 - 해당 직무 개발 경험을 보유하신 분 3. 우대사항 - 구성원들과 원활한 커뮤니케이션 능력을 보유하신 분 - 학사..."
https://kr.indeed.com/viewjob?jk=effbbb23f6fae87d,[인재 Pool / 상시 / 신입] R&D 박사,인천 연수구,C++|인터넷·IT·통신·모바일·게임>응용프로그래머>Linux|인터넷·IT·통신·모바일·게임>응용프로그래머> Python|인터넷·IT·통신·모바일·게임>네트워크·서버·보안>UNIX·LINUX계열 서버운영·관리|전자·기계·기술...
https://kr.indeed.com/viewjob?jk=7053ff070e1ebb55,데이터 분석 신입/경력 정규직,서울,"분 - 통계 전공 및 SQL, Python 경험자 우대 콘센트릭스서비스코리... 바일·게임>데이터베이스·DBA>SQL|인터넷·IT·통신·모바일·게임>웹프로그래머> Python|인터넷·IT·통신·모바일·게임>응용프로그래머> Python"
https://kr.indeed.com/viewjob?jk=7457253911450fea,[11번가] 광고 추천 시스템 개발자,서울 중구,"프로세스 개발 및 운영 경험이 3년 이상 있으신 분 추천 시스템 개발 및 운영 경험이 3년 이상 있으신 분 Python/PySpark/ShellScript, HDFS/HIVE, Linux/VI, Redis/MongoDB 활용..."
https://kr.indeed.com/viewjob?jk=39df24bec144e783,리스크관리팀 신입/경력직원 모집,서울 을지로2가,"타부서와 원활한 협업 능력 보유자 · (경력) 장외파생상품관련 업무 2년 이상 · (경력) C++, VBA, Python, SQL 등 컴퓨터 활용 능력 보유자 우대사항 · 석사학위 이상 보유자 · (경력) 증권사, 평가사..."
https://kr.indeed.com/viewjob?jk=ab3f098792be3a27,(주)케이엠티엘 건설분야 R&D 병역특례(전문연구요원(영상관련 S/W 개발)),서울 구로구,"우대사항]컴퓨터비전, 인공지능 분야 전공자 소프트웨어 개발자(C#, Python 등) 영상처리 기술 (OpenCV 활용기술 및 상용 Library... 통신·모바일·게임>응용프로그래머> Python|인터넷·IT·통신·모바일·게임..."
https://kr.indeed.com/viewjob?jk=287f5f422c269849,Market Research 담당자 채용,서울 중학동,"숙한 대내외 커뮤니케이션이 가능한 분 [우대사항] - 통계분석 및 프로그래밍 언어 역량을 보유하신 분(R, python, Data studio, SPSS, Tableau, etc) - SQL 쿼리사용 가능하신 분 - 영어로..."
https://kr.indeed.com/viewjob?jk=804b9353ac2b5dfe,페이코 빅데이터 엔지니어링,성남 판교역,"이상 경험하신 분 - Hadoop 및 Hadoop 에코 시스템에 대한 이해가 있으신 분 - Java, Python, Scala 중 최소 1가지 언어를 능숙하게 사용 가능하신 분 - 데이터 처리 인프라/파이프라인 구축 및..."
https://kr.indeed.com/viewjob?jk=c04680232735292a,가상자산 트레이딩 / 시스템 개발자,서울 강남구,및 제출서류에 허위사실이 있을 경우 채용이 취소될 수 있습니다. 금융·보험·증권>투자·분석·증권·외환>자산관리|인터넷·IT·통신·모바일·게임>응용프로그래머> Python|인터넷·IT·통신·모바일·게임>응용프로그래머>C·C++
https://kr.indeed.com/viewjob?jk=ad695cb2c767be8b,AI Research Engineer Intern,서울,optimization strategies. Programming skills with Python/C++. Experience working with one or more deep learning frameworks...
https://kr.indeed.com/viewjob?jk=8b7479e114b59cfa,소프트웨어 프로그래머 경력/신입,고양 덕양구,"공학, 응용소프트웨어공학, 정보통신공학 등ㆍ유관 업무 경력자ㆍJAVA, Java Spring Framwarok, Python 개발 경험자 ㆍ 근무형태 : 정규직ㆍ 근무일시 : 주 5일(월~금) 오전 9시~오후 6시ㆍ 근무지역..."
https://kr.indeed.com/viewjob?jk=2f56d4b70c1df086,하반기 인턴직 모집,서울 을지로2가,"지니어 (IT 인프라 관리/운영) 서버, 네트워크 Bash, Java, Python ① 학력 : 초대졸 이상 (2020년 2월 이후 졸업/졸업예정... JavaScript, VC++, Python) 한솔 PNS IT 부문..."
https://kr.indeed.com/viewjob?jk=8e01d12718384a31,"[누리어시스템] 금융 SI/SM 정규직 개발자 (Java, Python)",경기도 하남,"정규직 개발자 채용 (Java, Python) 누리어시스템, 누리어제이티는... 게임>웹프로그래머>백엔드|인터넷·IT·통신·모바일·게임>웹프로그래머> Python|인터넷·IT·통신·모바일·게임>데이터베이스·DBA>데이터베이스개발자..."
https://kr.indeed.com/viewjob?jk=43b8170abbb59f88,Python 백엔드 개발,서울 강남구,11명 회사주소 서울특별시 강남구 테헤란로 501 617호 누벤트 Python 백엔드 개발 모집부문 및 자격요건 모집부문 담당업무 자격요건 우대조건... 자격요건 및 우대사항] - python 기반 서비스 경험 - 하나 이상...
https://kr.indeed.com/viewjob?jk=bfdab41ec9b9469f,PM(서비스/개발),서울 영등포구,"Data Science 제반 지식, AWS/GCP 등 Cloud 기반 서비스 관련 프로젝트 업무 경험 - Python, JAVA, RESTAPI, Database 등 개발 관련 언어/기술 이해 역량 우대 - AWS, GCP..."
https://kr.indeed.com/viewjob?jk=6c747a14b86bc843,[전문연구요원] 반도체IP SW 개발자,서울 강남구,c++ c embedded matlab 인터넷·IT·통신·모바일·게임>응용프로그래머>C·C++|인터넷·IT·통신·모바일·게임>응용프로그래머> Python|인터넷·IT·통신·모바일·게임>전산·IT기술지원>S/W 엔지니어
https://kr.indeed.com/viewjob?jk=835324335bc1c7da,[현대무벡스] 경력사원 상시,서울 종로구,ABAP|인터넷·IT·통신·모바일·게임>응용프로그래머>클라우드|인터넷·IT·통신·모바일·게임>응용프로그래머> Python|인터넷·IT·통신·모바일·게임>빅데이터·AI(인공지능)>인공지능(AI)|인터넷·IT·통신·모바일·게임...
https://kr.indeed.com/viewjob?jk=bd4560a615f241cc,[일 7시간] PHP 웹 백엔드 개발자,성남 분당구,통신·모바일·게임>웹프로그래머> Python|인터넷·IT·통신·모바일·게임... 프로그래머>자바스크립트|인터넷·IT·통신·모바일·게임>응용프로그래머> Python|인터넷·IT·통신·모바일·게임>데이터베이스·DBA>데이터사이언스|인터...
https://kr.indeed.com/viewjob?jk=60316b7ad62ed396,[11번가] System Engineer 분야,서울 중구,"이런 일을 합니다.[Linux, IaC( python, java, bash 등), Private/public Cloud, Web/WAS/Cache/ELK ]시스템엔지니어링 조직은 대용량 DBMS, 대규모 가상화 클러스터 및..."
https://kr.indeed.com/viewjob?jk=97e9de2381da633d,Kafka 담당자 영입,성남 분당구,카오페이 크루가 일하는 방법 자세히 보기- 카카오페이 문화에 대해 더 알아보기- 카카오페이 기술 블로그 보러 가기 인터넷·IT·통신·모바일·게임>응용프로그래머>Linux|인터넷·IT·통신·모바일·게임>웹프로그래머> Python
https://kr.indeed.com/viewjob?jk=8a72a54b3c4dd7c9,디지털융합사업 스마트테크부문 7월 정기,서울특별시,"개발 경험 - Java, Python, Lamda, StepFuction... 우대 3. 우대사항 - 클라우드(AWS) 환경 개발 경험자, Python 개발 경험자 Unity3D 개발 2년 이상 1. 담당업무..."
https://kr.indeed.com/viewjob?jk=1efccbba85fd37b9,[로민] 플랫폼 개발 리드(개발PM),서울 서초구,바일·게임>빅데이터·AI(인공지능)>인공지능(AI)|인터넷·IT·통신·모바일·게임>빅데이터·AI(인공지능)> Python|인터넷·IT·통신·모바일·게임>빅데이터·AI(인공지능)>자연어처리|인터넷·IT·통신·모바일·게임>빅데이터...
https://kr.indeed.com/viewjob?jk=bd678ac9cf1ed131,컴퓨터비전 개발자 경력 정규직,서울 성동구,바일·게임>빅데이터·AI(인공지능)>인공지능(AI)|인터넷·IT·통신·모바일·게임>빅데이터·AI(인공지능)> Python|인터넷·IT·통신·모바일·게임>소프트웨어·하드웨어>소프트웨어|인터넷·IT·통신·모바일·게임>응용프로그래머>C·C++
https://kr.indeed.com/viewjob?jk=aac8e9355cb855ac,[인재풀] 아티스트 ART,서울,3D Max등의 아트웍 툴 사용 경험 Max script 또는 Mel Script의 사용 경험 C# 또는 Python 언어에 대한 이해 및 활용 능력 아트웍 관련 툴 제작 또는 플러그인 제작 경험 Electronic...
https://kr.indeed.com/viewjob?jk=6df509cc3cbe91c5,자동차 전장 SW Engineering 분야 전문가,서울 강서구,"시스템, 릴리즈 관리, 변경 관리 경험 3년 이상 - Yocto, Android 등 개발 환경 - C/C++, Python, Git, Gerrit, CMake, Make 등 - 컨테이너, 클라우드 기반의 빌드 환경 ﻿구축..."
https://kr.indeed.com/viewjob?jk=063bf8e8fc2de8d4,"Customer Engineer, Gaming, Google Cloud",서울 강남구,"Kotlin, C#, Python, Perl... Shell... 응용프로그래머>JAVA|인터넷·IT·통신·모바일·게임>응용프로그래머> Python|인터넷·IT·통신·모바일·게임>응용프로그래머>C#|인터넷·IT·통신..."
https://kr.indeed.com/viewjob?jk=51b4480aad895162,AI 영상처리 알고리즘 개발자,성남 분당구,"이론과 지식 보유 (필수)Deep Learning, Machine Learning 활용 개발 역량 (필수) Python, C/C++ 기반 영상 처리/분석 알고리즘 개발 역량 (필수)</ 인터넷·IT·통신·모바일·게임>응용프로그..."
https://kr.indeed.com/viewjob?jk=37f51a8d4e34cfce,[넥슨코리아] 클라우드 시스템 엔지니어,경기도 성남,트워크 관련 기반 지식 보유 - Python/Bash/Powershell... MSA 환경의 서비스 운영 경험 - 서비스 아키텍처 제안 경험 - Python/Go/Java 등 1개 이상의 개발 경험 기타사항 - 본 공고는...
https://kr.indeed.com/viewjob?jk=f0c7c08485085240,[마비노기모바일] 연구 개발 프로그래머,서울 강남구,"험을 풍성하게 할 기술 개발 작업에 참여합니다.- 머신러닝, VR 등 신기술을 탐색, 실험합니다.- C#, Python, Javascript 등 다양한 언어와 환경을 사용합니다. 인터넷·IT·통신·모바일·게임>게임(Game..."
https://kr.indeed.com/viewjob?jk=c06905fe61fc2dd6,Database Engineer (DBA),서울 중구,"운영 경험 보유– DBMS 및 Linux 에 대한 전반적인 이해– Python, bash, go 스트립팅 언어에 능통– 논리적인 문제 해결, 협업 및... 좋습니다.우대사항– (우대) Python/Shell script 가능자..."
https://kr.indeed.com/viewjob?jk=b515669e8032265b,[kt ds] 2022년 각 부문별 경력사원 수시,서울 서초구,JAVA|인터넷·IT·통신·모바일·게임>응용프로그래머>C·C++|인터넷·IT·통신·모바일·게임>응용프로그래머> Python|인터넷·IT·통신·모바일·게임>응용프로그래머>자바스크립트|인터넷·IT·통신·모바일·게임>응용프로그래머...
https://kr.indeed.com/viewjob?jk=a2fda34fbc140ebf,기술유닛 프로그래밍 전부문(툴/엔진/렌더링/서버/클라이언트),서울 강남구,"독해 능력 (기술 문서)- 원활한 의사 소통 능력이 있으신 분 이런 경험이 있으면 더 좋아요!- 다양한 언어( python, js, groovy, lua) 경험이 있으신 분- SQL 경험이 있으신 분< 인터넷·IT·통신·모바일..."
https://kr.indeed.com/viewjob?jk=8d8becaac19b958f,모바일 운영서비스 빌드/배포/테스트 자동화 개발자,서울 마포구,"와 같은 컨테이너 기반 기술 이해 및 경험- 리눅스 환경에 대한 경험- 기본 스크립트 언어 경험 : Python / Bash / Perl 등- 지속적 통합 (Jenkins, Fastlane) 이해 및 경험- 소스형상관리..."
https://kr.indeed.com/viewjob?jk=0229342521a71f63,(주)리얼데이터 분석컨설팅 인력,서울 성동구,이터·AI(인공지능)>데이터마이닝|인터넷·IT·통신·모바일·게임>빅데이터·AI(인공지능)>빅데이터|인터넷·IT·통신·모바일·게임>빅데이터·AI(인공지능)> Python|인터넷·IT·통신·모바일·게임>빅데이터·AI(인공지능)>R
https://kr.indeed.com/viewjob?jk=5fe21ceab5a3ce0b,연구소 R&D 인프라 운영,성남 분당구,"람들과 소통 능력 및 협업 경험 우대사항 - 개발프로젝트 참여 경험 - 클라우드 서비스 운영 경험 - Python, Groovy, Java 등 개발언어 가능 - 가상화 인프라(vSphere 등) 나 Docker 활용..."
https://kr.indeed.com/viewjob?jk=3544467a7b64376f,[전문연구요원] 의료영상 리서치 엔지니어 정규직,서울 마포구,"학력무관직무기술: VISUALC++, 응용프로그래밍, C·C++, Python, AI개발 2 명 근무조건 고용형태: 정규직(수습기간3개월)근무부서... 머신러닝(ML)|인터넷·IT·통신·모바일·게임>응용프로그래머> Python"
https://kr.indeed.com/viewjob?jk=b7404340e4697466,[주4.5일] 딥러닝 연구 개발자,서울 구로구,집부문 / 상세내용 사용 기술 ai/인공지능 pytorch python deeplearning tensorflow.js 인터넷·IT·통신·모바일·게임>웹프로그래머> Python|인터넷·IT·통신·모바일·게임>웹프로그래머>웹개발...
https://kr.indeed.com/viewjob?jk=d467657b9fac7fc9,[Data] 분석 데이터 엔지니어,성남 분당구,"3년 이상인 분· Java, Python 중 하나 이상의 언어에 익숙한... 응용프로그래머>JAVA|인터넷·IT·통신·모바일·게임>응용프로그래머> Python|인터넷·IT·통신·모바일·게임>웹프로그래머>JAVA|인터넷·IT·통신..."
https://kr.indeed.com/viewjob?jk=dd74559e6a845b5d,MLOps Engineer,서울 중구,대한 기초적인 이해- Java / Python 기반 백엔드 프로그래밍 경험... 데이터 모델 설계 등) 수행 경험- 웹 프론트엔드 개발 경험 또는 Python 기반의 머신러닝 프레임워크를 이용해 대용량 데이터 분석 경험 인터넷...
https://kr.indeed.com/viewjob?jk=4e3b4e13098d5aa1,[위메프서비스] 서비스 통계 개발자,대한민국,"사용하는 기술] 언어: Kotlin, Python, Java, Shell... 개발 경력 3년 이상 보유하신 분 Java, Spring F/W, Python 개발 중급 이상의 능력을 보유하신 분 표준 SQL 구현 상급 이상..."
https://kr.indeed.com/viewjob?jk=661cf773d598862b,[신입] 미래 인재 DB,서울,"플랫폼 및 운영체제(Linux/RTOS 등) 이해 ㆍ마이크로컨트롤러 활용 경험/지식 [우대사항] ㆍJAVA/ Python 활용 역량 ㆍ기능안전 ISO26262, A-SPICE 프로세스 이해 ㆍHW 회로도 이해 및 분석 역량 ㆍ..."
https://kr.indeed.com/viewjob?jk=2642a83874ea6bab,"영상처리, 컴퓨터 비전 전문가 (신입/경력)",성남 수정구,"인원 [담당업무] Python, C++, MFC, C를 이용하여 - OpenCV 로 Visual SLAM 개발- MFC, Python을 이용하여 GUI... 통신·모바일·게임>응용프로그래머> Python|인터넷·IT·통신·모바일·게임..."
https://kr.indeed.com/viewjob?jk=3c177bbc6292d9a8,데이터 분석가 정규직,서울 강서구,"직무내용] - 지원자격ㆍ경력 : 경력 1년 이상- 우대사항ㆍ Python, R 등 경험자ㆍ보유 자격(우대) : 데이터분석 전문가, 데이터분석 준전문가, 빅데이터분석기사, SQLP(SQL전문가), SQLD(SQL개발자), 정보처..."
https://kr.indeed.com/viewjob?jk=c823987791ca2ef0,데이터 분석 /고객 분석,서울 영등포구,이터마이닝|인터넷·IT·통신·모바일·게임>웹프로그래머>웹개발|인터넷·IT·통신·모바일·게임>웹프로그래머>JAVA|인터넷·IT·통신·모바일·게임>웹프로그래머> Python|인터넷·IT·통신·모바일·게임>응용프로그래머> Python
https://kr.indeed.com/viewjob?jk=8af26b37623864c4,8퍼센트 개발자 (신입/경력),서울 종로구,개발 금융 데이터 분석과 분석 플랫폼 운영 자격요건 컴퓨터 전공자 또는 웹 개발 경력 1년 이상 우대사항 Python 코드를 무리 없이 읽으실 수 있는 분 Linux/Mac 사용 가능한 분 새로운 기술에 대한 호기심을 가지신...
https://kr.indeed.com/viewjob?jk=676aa754cf756afe,[HDC 랩스] 2022년 경력 수시,서울특별시,"레이크 구축/운영 PM 경험 2년 이상 · Amazon EMR 추구/활용 경험 2년 이상 · Java or python 개발 경험 1년 이상 · 논리적인 분석 및 문제해결 능력, 동료들과 긴밀한 커뮤니케이션 역량 [우대사항..."
https://kr.indeed.com/viewjob?jk=41d1e4ce3b59c571,교원투어 7월 정기,서울특별시,"홈페이지 리뉴얼 개발 지원 [필요역량] 개발언어: java (필수), python (우대) 개발프레임워크: Spring Framework (필수... 요역량] 개발언어: java (필수), python (우대) 개발프레임워크..."
https://kr.indeed.com/viewjob?jk=5ab0b45dfa93411b,Data Engineer 신입사원,서울 강남구,"분류, 개인정보 비식별화, 불량 코퍼스 필터링 등 다양한 ML 프로젝트 (예정)[자격요건]- Julia / Python / R 중에서 자신 있는 프로그래밍 언어가 있는 분- 하나의 데이터도 놓치지 않고 꼼꼼하게 관리할 수..."
https://kr.indeed.com/viewjob?jk=f544b8043a0cede5,Data Scientist,서울,"testing, classification, or clustering Experience with Python programming language and writing SQL queries Bachelor’s degree..."
https://kr.indeed.com/viewjob?jk=84fdcc3c8a8cf47f,퀀트운용본부 직원(신입 및 인턴),대한민국,"자격요건 - 체험형 인턴 컴퓨터 관련 전공 우대 - 수학, 통계학, 금융공학, 공학계열 전공자 우대 - Python, SQL, VBA 등 프로그래밍 가능자 우대 - MS Office등 문서 작업에 능숙한 분 (워드, 엑셀..."
https://kr.indeed.com/viewjob?jk=e85487d0d81b009b,시스템보안 담당자 채용,서울 중학동,"경험 보유 우대사항 - AWS, Azure 등 클라우드 환경의 보안서비스 운영 경험자 - Java, Python 등 프로그래밍 언어 능숙자 근무조건 [근무조건] - 근무형태 : 정규직 - 모집인원 : 명 - 근무지..."
https://kr.indeed.com/viewjob?jk=51df90967b46e8f0,[외국계 스타트업 미소] Business Analyst,서울,통신·모바일·게임>빅데이터·AI(인공지능)>데이터분석|인터넷·IT·통신·모바일·게임>빅데이터·AI(인공지능)> Python|인터넷·IT·통신·모바일·게임>데이터베이스·DBA>MySQL|인터넷·IT·통신·모바일·게임>데이터베이스...
https://kr.indeed.com/viewjob?jk=a54daac26d2a702c,[글로벌AI]인공지능(AI) Engineer,서울,바일·게임>빅데이터·AI(인공지능)>인공지능(AI)|인터넷·IT·통신·모바일·게임>빅데이터·AI(인공지능)> Python|인터넷·IT·통신·모바일·게임>빅데이터·AI(인공지능)>챗봇|인터넷·IT·통신·모바일·게임>빅데이터·AI...
https://kr.indeed.com/viewjob?jk=9c30497c087dbdbb,Data Scientist,서울 마포구,모바일·게임>빅데이터·AI(인공지능)>빅데이터|인터넷·IT·통신·모바일·게임>빅데이터·AI(인공지능)>데이터분석|인터넷·IT·통신·모바일·게임>웹프로그래머> Python|인터넷·IT·통신·모바일·게임>응용프로그래머> Python
https://kr.indeed.com/viewjob?jk=595c1e4e65a2871b,2022년 상반기 SW엔지니어 및 신호처리엔지니어,서울 금천구,"Digital Signal Processing지원자격ㆍ 신입/경력 ㆍ 성별무관ㆍ 개발언어 :C, C++, Python, JAVA등 개발 경험우대사항ㆍAndroid App 개발자ㆍLinux BSP 경험자ㆍLinux Server..."
https://kr.indeed.com/viewjob?jk=a4305c5d2af37564,"빅데이터 부문 경력사원 (3분야, 세종 근무 가능자)",서울 종로구,세종 근무 가능자) 인터넷·IT·통신·모바일·게임>빅데이터·AI(인공지능)>빅데이터|인터넷·IT·통신·모바일·게임>빅데이터·AI(인공지능)> Python|인터넷·IT·통신·모바일·게임>빅데이터·AI(인공지능)>하둡(Hadoop)
https://kr.indeed.com/viewjob?jk=77a79f333becb836,클라우드 엔지니어,성남 분당구,클라우드|인터넷·IT·통신·모바일·게임>응용프로그래머>JAVA|인터넷·IT·통신·모바일·게임>응용프로그래머> Python|인터넷·IT·통신·모바일·게임>ERP·시스템분석·설계>AWS|인터넷·IT·통신·모바일·게임>데이터베이스...
https://kr.indeed.com/viewjob?jk=583807d26c2f86cb,디지털융합사업 AI-DX 센터 7월 정기,서울특별시,"이터 분석/모델링을 위한 언어(R/ Python 등) 중급 이상, 프로그래밍... 응용기술 개발 - 신기술 리서치 및 적용 2. 필요역량 - Python, C/C++ 등 최소한 하나 이상의 언어 활용역량 - 딥러닝 및..."
https://kr.indeed.com/viewjob?jk=e9007931b4a43a58,[Security] 보안 데이터 분석가,성남 분당구,"고리즘 등 빅데이터 분석 유관 경험 및 역량을 보유한 분· 디지털 포렌식 업무 경험이 있는 분· Java, Python 등으로 오픈소스를 활용한 개발이 가능한 분 [공통 우대 사항]· 국가유공자 및 장애인 등 취업보호대상자는..."
https://kr.indeed.com/viewjob?jk=91d8474a5d6e2cb9,데이터 인프라 엔지니어 (데이터플랫폼팀),서울 성동구,게임>빅데이터·AI(인공지능)>빅데이터|인터넷·IT·통신·모바일·게임>빅데이터·AI(인공지능)>데이터분석|인터넷·IT·통신·모바일·게임>응용프로그래머> Python|마케팅·광고·홍보·조사>조사·분석·통계>설문·리서치·모니터링
https://kr.indeed.com/viewjob?jk=a28cfcec0a3ee874,LG이노텍 AI/BigData 석박사 신입사원/산학장학생,서울 강서구,"머신러닝/딥러닝 프레임워크 활용 스킬( Python, PyTorch 등) - SW 프로그래밍 스킬( Python, C/C++ 등) - DB 활용 스킬... Python, PyTorch 등) - SW 프로그래밍 스킬( Python..."
https://kr.indeed.com/viewjob?jk=26576e5d399219b1,"With 청년, 취업 Catch Up 프로그램 참여자",성남 수정구,게임>빅데이터·AI(인공지능)> Python|인터넷·IT·통신·모바일·게임... 터넷·IT·통신·모바일·게임>웹프로그래머> Python|인터넷·IT·통신·모바일·게임>응용프로그래머> Python|인터넷·IT·통신·모바일·게임>응용프로...
https://kr.indeed.com/viewjob?jk=3cd339cf8959f44d,생명정보학 부문 박사졸 선임연구원 정규직 정규직,서울 서대문구,"- Python or R 활용가능 -Linux terminal 능숙 -생물학... 생명정보학, 생물정보학-외국어: 영어 회화가능,독해가능,작문가능- Python or R 활용가능- Linux terminal 능숙- 생물학 기초 수강..."
https://kr.indeed.com/viewjob?jk=7f33e49257ed8f4d,[한컴그룹 계열사] 헬스케어 서비스 개발자(정규직),성남 분당구,"앱, 웹) ㆍHTML, CSS, Ajax, Java, Javascript 능숙자 ㆍJava/Spring, Python/Django 등의 프레임워크 능숙자 ㆍReact native / Flutter(하이브리드앱 개발 프레임워크..."
https://kr.indeed.com/viewjob?jk=c0e32068875a609f,"[유명 저축은행] CSS 개발, 운영(데이터사이언스)",서울,"RISK 분석 경험자 3) R, Python, 엑셀 활용 가능자 제이엔커리... CSS, R, PYTHON, 리스크분석기타: 1) CSS 운영, 관리 경험자 2) 금융 RISK 분석 경험자 3) R, Python, 엑셀 활용 가능..."
https://kr.indeed.com/viewjob?jk=74dd680945a195f3,AI Frameworks Engineer Intern,서울,knowledge of deep learning technologies. Programming with Python or Shell script. Education Students who are currently...
https://kr.indeed.com/viewjob?jk=bf5697c849191acc,[넥슨코리아] 클라우드 데이터베이스 엔지니어,경기도 성남,스를 경험하신 분 우대사항 -AWS 대용량 데이터베이스 운영을 경험하신 분 -게임 DBA 유경험자 - Python/Bash/Powershell 1개 이상의 사용 경험 기타사항 - 본 공고는 채용 완료 시 조기 마감될...
https://kr.indeed.com/viewjob?jk=e384cc49f5546b4c,"Customer Engineer, Data Analytics, Google Cloud",서울 강남구,"writing code in a common development language (e.g., Java, Python, JavaScript, C++, Scala, R, Go, etc.). 인터넷·IT·통신·모바일·게임>ERP..."
https://kr.indeed.com/viewjob?jk=c35e9b72a11aa338,[신입/경력] 의료영상/음성인식/생체신호 연구원,서울 서초구,게임>빅데이터·AI(인공지능)>인공지능(AI)|인터넷·IT·통신·모바일·게임>빅데이터·AI(인공지능)>딥러닝|인터넷·IT·통신·모바일·게임>응용프로그래머>C·C++|인터넷·IT·통신·모바일·게임>응용프로그래머> Python
https://kr.indeed.com/viewjob?jk=f77f9abb42c655b7,[네이버계열사][NIT Service] 네이버 파이낸셜 플랫폼 운영,성남 분당구,"및 어플리케이션 배포 전략 지식 보유 - Shell script, python 및 web framework 등 기타 프로그래밍 언어 활용 가능... 보유 - Shell script, python 및 web framework..."
https://kr.indeed.com/viewjob?jk=bf926e1e103f39b1,[정보보안] 침해대응[매니저],대한민국,"비즈니스 영어 또는 중국어 가능하신 분 정보보안기사, CISSP, CISA 자격증 보유하신 분 개발 언어( Python, C, C++, C#, Java 등) 사용 가능하신 분 원활한 의사소통 및 협업 역량 보유하신 분 전형단계..."
https://kr.indeed.com/viewjob?jk=00cfa7a1c3ab54af,Deep Learning Library 개발자,경기도,통신·모바일·게임>빅데이터·AI(인공지능)>데이터분석|인터넷·IT·통신·모바일·게임>빅데이터·AI(인공지능)> Python|인터넷·IT·통신·모바일·게임>빅데이터·AI(인공지능)>머신러닝|인터넷·IT·통신·모바일·게임>빅데이터...
https://kr.indeed.com/viewjob?jk=13ef6f86810c0843,"2022년 상반기 주식회사 쏘마 전 개발 직군 (백엔드, 프론트엔드 외 신입/경력 정규직)",성남 분당구,트엔드|인터넷·IT·통신·모바일·게임>웹프로그래머> Python|인터넷·IT·통신·모바일·게임>응용프로그래머>C·C++|인터넷·IT·통신·모바일·게임>응용프로그래머> Python|인터넷·IT·통신·모바일·게임>빅데이터·AI(인공...
https://kr.indeed.com/viewjob?jk=f3b252243810377e,"(보충역) 개발자(python, javascript, php등) 및 Network운영자",서울,모집부문 및 상세내용 공통자격요건 ㆍ학력 : 고등학교 졸업 이상ㆍ나이/성별 : 무관 개발 및 Network 운영ㅣ 2 명 인터넷·IT·통신·모바일·게임>게임(Game)>서버·네트워크개발
https://kr.indeed.com/viewjob?jk=e0aade664e2448a0,"시스템개발실 (front-end, back-end, 인공지능개발)",서울 강남구,"end : C, Perl, Python, Java * 기본적인 문제해결... 전처리, 분석을 통해 일반화된 알고리즘 도출 및 검증 - 자격조건 * Python 언어 사용 능력 * 논리적인 문제 분석 및 해결 능력 * 기본적인..."
https://kr.indeed.com/viewjob?jk=ad9c760fdec88af5,품질 신입 채용,서울 한강로2가,전면허 및 운전가능자 우대요건 - 산업공학과(통계 활용 능력) - 품질경영기사 자격증 보유자 - 파이썬( Python) 활용 가능자 - 엑셀 및 PPT 활용 능력 우수자 장항 전형절차 STEP.01 서류심사 - STEP...
https://kr.indeed.com/viewjob?jk=5ea9ea023c6ccc03,"S/W 엔지니어, 데이터분석 신입/경력 정규직, 인턴",성남 분당구,"케이션 제작 및 유지보수 업무- Python, Golang, QT 중 선택... 2. 시스템프로그래머- Python, Golang, QT 중 선택 가능3. 영상데이터 분석 및 모델링- python기반 영상데이터 분석 및 모델링..."
https://kr.indeed.com/viewjob?jk=22ffe020e40de675,[포티투마루] 인공지능(AI) 개발자 전 부문,서울 서초구,인터넷·IT·통신·모바일·게임>빅데이터·AI(인공지능)> Python|인터넷·IT·통신·모바일·게임>빅데이터·AI(인공지능)>머신러닝|인터넷·IT·통신·모바일·게임>빅데이터·AI(인공지능)>딥러닝|인터넷·IT·통신·모바일·게임...
https://kr.indeed.com/viewjob?jk=5133adebeb209d23,AI 모빌리티 서비스의 미래 함께 열어갈 우수한 인재 찾습니다.,성남 분당구,인터넷·IT·통신·모바일·게임>응용프로그래머>인공지능(AI)|인터넷·IT·통신·모바일·게임>응용프로그래머> Python|인터넷·IT·통신·모바일·게임>데이터베이스·DBA>SQL|인터넷·IT·통신·모바일·게임>데이터베이스·DBA>MySQL
https://kr.indeed.com/viewjob?jk=287a2f9783758916,한국행동과학연구소 각 부문 수시,서울 강남구,"CSS3, 모바일 프로젝트 및 반응형 웹구축 경험, 교육이수자 백엔드개발자 - 개발 및 유지보수 - java, python, php, nodejs 사용자- oracle, mysql 등 유경험자 근무조건 경영·인사·총무·사무..."
https://kr.indeed.com/viewjob?jk=4158041d1e540400,범용언어모델 추론 API 개발 전문가,서울 중구,"이상 - 학력/전공 : 석사이상, 컴퓨터공학/전산학, 자연어 처리 전공자 우대 - 기술/경험 · C/C++, python 프로그래밍 역량 중급 이상 · Linux 프로그래밍 관련 역량 중급 이상 · DNN기반 Machine..."
https://kr.indeed.com/viewjob?jk=1015284880e2ff62,라인프렌즈 2022년 각 부문 수시,서울 용산구,통신·모바일·게임>웹프로그래머> Python|인터넷·IT·통신·모바일·게임... 자바스크립트|인터넷·IT·통신·모바일·게임>빅데이터·AI(인공지능)> Python|마케팅·광고·홍보·조사>마케팅>마케팅기획|마케팅·광고·홍보·조사>마케...
https://kr.indeed.com/viewjob?jk=7cb816bcfc144f5e,마케팅본부 신입/경력 사원 모집,서울 동대문구,"데이터 수집(비정형 데이터로 인사이트 도출), 정제, 시각화, 리포팅 경험자 우대 - 통계분석툴 'R', PYTHON', TABLEAU' 등 사용 경험자 우대 경력 0명 마케팅본부 커뮤니케이션팀 - 스포츠 사이언스..."
https://kr.indeed.com/viewjob?jk=8a7c4886df34e482,Python 서버 어플리케이션 개발자,서울 송파구,"담당업무]개발자 - 개발자 - Python 프로그래밍과 Java, C 소스... 담당업무]ㆍ Python, Kafka를 활용한 차세대 데이터 시스템 개발ㆍ실시간 대용량 로그 수집, 분석, 저장[필요기술]ㆍ Python 프로그래밍과..."
https://kr.indeed.com/viewjob?jk=d364360d1e0368e3,Python 기반 빅데이터 처리 개발자,서울 서초구,인터넷·IT·통신·모바일·게임>응용프로그래머> Python|인터넷·IT·통신·모바일·게임>빅데이터·AI(인공지능)> Python|인터넷·IT·통신·모바일·게임>빅데이터·AI(인공지능)>빅데이터|인터넷·IT·통신·모바일·게임...
https://kr.indeed.com/viewjob?jk=4cf24d3dd5919469,딥러닝 기반 Computer Vision 개발자,서울 중구,"머신 러닝, 컴퓨터 비전 기술 이해도 및 구현 역량한 가지 이상의 AI 라이브러리 및 플랫폼에 대한 깊은 경험 Python, C/C++ 기반 OpenCV 로직 개발 경험Open Source 단순 활용을 넘어 기능 개발 및 버그..."
https://kr.indeed.com/viewjob?jk=1821f45d4b71b3d8,클라우드 보안 엔지니어,서울 영등포구,"화를 구현합니다. 자격 요건 AWS 환경에서 보안 환경을 구축하고 운영하신 경험이 있으신 분을 찾습니다. Python, Go 등 하나 이상의 프로그래밍 언어에 익숙해야 합니다. 다양한 문제에 대한 체계적인 원인 분석 및 해결..."
https://kr.indeed.com/viewjob?jk=ccd1d43784d307da,AWS 클라우드엔지니어,서울 마포구,관리|인터넷·IT·통신·모바일·게임>ERP·시스템분석·설계>AWS|인터넷·IT·통신·모바일·게임>웹프로그래머>PHP |인터넷·IT·통신·모바일·게임>웹프로그래머>JAVA|인터넷·IT·통신·모바일·게임>웹프로그래머> Python
https://kr.indeed.com/viewjob?jk=a8a2e292ef8b0528,(신입/인턴) 리서치 사회조사 연구원,서울 성동구,"PowerPoint 이용 문서작성 능숙자 SPSS, AMOS, R, Python 등 관련 툴 사용 가능자 주식회사 리서치앤유 (신입/인턴) 리서치... 능숙자SPSS, AMOS, R, Python 등 관련 툴 사용 가능자[우대..."
https://kr.indeed.com/viewjob?jk=6039166822dfd1c1,한글과컴퓨터 2022년 신입/경력직 수시,성남 분당구,응용프로그래머>클라우드|인터넷·IT·통신·모바일·게임>응용프로그래머> Python|인터넷·IT·통신·모바일·게임>네트워크·서버·보안>UNIX·LINUX... 통신·모바일·게임>웹프로그래머> Python|인터넷·IT·통신·모바일·게임...
https://kr.indeed.com/viewjob?jk=e14f6427750a2e37,데이터 엔지니어 - Global Leading Consulting Firm,서울,통신·모바일·게임>빅데이터·AI(인공지능)>빅데이터|인터넷·IT·통신·모바일·게임>빅데이터·AI(인공지능)> Python|인터넷·IT·통신·모바일·게임>빅데이터·AI(인공지능)>하둡(Hadoop)|인터넷·IT·통신·모바일·게임...
https://kr.indeed.com/viewjob?jk=016de9bb83a8032d,JR0186078 AI Research Engineer Intern,서울,"architectures, and optimization strategiesProgramming skills with Python/C++Experience working with one or more deep learning..."
https://kr.indeed.com/viewjob?jk=fe369e62505e7be4,신입/경력사원,서울 마곡역,"Script 작성 / 자동화 검증 수행 [경험/역량] - C/C++/ Python 등 프로그래밍 역량 보유 및 관련 프로젝트 수행 · 수행 이력에 대한... W 개발 경험 - C, Python 언어 개발 경험 보유..."
https://kr.indeed.com/viewjob?jk=67c19d7ac0857ecd,빅데이터 분야,서울,"데이터 분석 모형 개발 ① R, Python, SQL 등 데이터 분석 도구... 분석 관련 자격 보유(빅데이터분석기사, ADsP, ADP 등) - R/ Python/SQL 등을 사용하여 데이터를 핸들링하고 대규모 데이터 셋에서 분석..."
https://kr.indeed.com/viewjob?jk=ad8aeb7f2e7a4858,디지털전략본부 경력직 공개(하반기),서울 영등포구,통신·모바일·게임>빅데이터·AI(인공지능)>데이터분석|인터넷·IT·통신·모바일·게임>빅데이터·AI(인공지능)> Python|인터넷·IT·통신·모바일·게임>빅데이터·AI(인공지능)>머신러닝|인터넷·IT·통신·모바일·게임>빅데이터...
https://kr.indeed.com/viewjob?jk=e1f07ba580132402,[TmaxOS/R&D] OS부문 개발자,성남 분당구,솔루션 개발 [주 사용 언어] - C/C++ - JavaScript/TypeScript - Java - Python 자격요건 (공통) 해외 여행에 결격 사유가 없는 자 - 4년제 대졸(학사) 이상 / 기졸업자 또는 23년...
https://kr.indeed.com/viewjob?jk=22dd1d585de8bf7d,"2022년 하반기 6개월 인턴 개발, 품질테스트, 유지관리",성남 분당구,통신·모바일·게임>전산·IT기술지원>유지보수|인터넷·IT·통신·모바일·게임>웹프로그래머> Python|인터넷·IT·통신·모바일·게임>응용프로그래머> Python|인터넷·IT·통신·모바일·게임>빅데이터·AI(인공지능)> Python
https://kr.indeed.com/viewjob?jk=d37ee1c76b41a9aa,[기술본부] 데이터거버넌스 엔지니어,경기도 성남,구축에 대해 경험이 있으신 분 - SQL 활용 능력이 뛰어나신 분 우대사항 - 경력 3년 이하 - Python이나 Scala 등과 같은 프로그래밍 언어를 활용하여 ETL 개발이 가능하신 분 - DB 및 Server...
https://kr.indeed.com/viewjob?jk=27f7ebc3b51669eb,한국소방안전원 2022년 제1차 계약직,서울 영등포구,통신·모바일·게임>빅데이터·AI(인공지능)>데이터분석|인터넷·IT·통신·모바일·게임>빅데이터·AI(인공지능)> Python|인터넷·IT·통신·모바일·게임>빅데이터·AI(인공지능)>머신러닝|인터넷·IT·통신·모바일·게임>빅데이터...
https://kr.indeed.com/viewjob?jk=637daa5067e55e6c,"의료영상, 인공지능 외 신입/경력 정규직, 인턴",서울 강남구,하드웨어>소프트웨어|인터넷·IT·통신·모바일·게임>빅데이터·AI(인공지능)>인공지능(AI)|인터넷·IT·통신·모바일·게임>빅데이터·AI(인공지능)> Python|인터넷·IT·통신·모바일·게임>빅데이터·AI(인공지능)>머신러닝
https://kr.indeed.com/viewjob?jk=e0a4a749c585325e,2022 하반기 DGB금융지주 전문직 요강,서울 중구,인터넷·IT·통신·모바일·게임>응용프로그래머>자바스크립트|인터넷·IT·통신·모바일·게임>응용프로그래머> Python|인터넷·IT·통신·모바일·게임>웹기획·웹마케팅·PM>제안·컨설팅|인터넷·IT·통신·모바일·게임>HTML·퍼블리...
https://kr.indeed.com/viewjob?jk=5b5d23ae896ffd7f,(주)어반유니온 시스템엔지니어 (#복지빵빵 #자유로운분위기 #자율출퇴근제),서울 중구,Script를 제작 가능하신 분 - Python을 이용하여 자동화를 구현할... 또는 PowerShell을 이용하여 Script를 제작 가능하신 분ㆍ Python을 이용하여 자동화를 구현할 줄 아시는 분 00 명 근무조건 고용형태...
https://kr.indeed.com/viewjob?jk=1b3b2c40ebb04da6,[11번가] 리테일 Selection Analyst 담당자,서울 중구,"3년 이상 (리테일 BM 및 직매입 상품 대한 이해도 필수)2. Data 처리 및 분석을 위한 프로그래밍 ( Python, SQL 등) 가능 3. Market Data 수집 / 활용 및 Insight 도출에 대한 프로세스 이해..."
https://kr.indeed.com/viewjob?jk=d158e683dc0b7500,파이썬 개발자 초중급 이상,서울 서초구,전형 접수방법 채용시 접수방법: 인크루트 채용시스템 접수양식: 인크루트 이력서 기타 유의사항 입사지원서 및 제출서류에 허위사실이 있을 경우 채용이 취소될 수 있습니다. 인터넷·IT·통신·모바일·게임>응용프로그래머> Python
https://kr.indeed.com/viewjob?jk=44e9ac7f0f94e784,한국필립모리스 2022년 상반기 수시,서울 영등포구,통신·모바일·게임>웹프로그래머> Python|인터넷·IT·통신·모바일·게임... 용프로그래머>자바스크립트|인터넷·IT·통신·모바일·게임>응용프로그래머> Python|인터넷·IT·통신·모바일·게임>시스템프로그래머>펌웨어·어셈블러|인터...
https://kr.indeed.com/viewjob?jk=abdc136f65ceddd4,AI 분야,서울,"무를 경험하면서 조직과 함께 성장하고 싶으신 마인드를 보유하신 분 - Python 및 PyTorch, Tensorflow 등과 같은 딥러닝 프레임워크... 경력자 가능 - C/C++, Python, 딥러닝 프레임워크(PyTorch..."
https://kr.indeed.com/viewjob?jk=24d38e6721dfb0e4,백엔드 개발자(Python),서울 서초구,주식회사 액스 백엔드 개발자( Python) 기업소개 We’re Digitizing the Supply Chain for Travel... 웹프로그래머>백엔드|인터넷·IT·통신·모바일·게임>웹프로그래머> Python
https://kr.indeed.com/viewjob?jk=595c29728f37c032,[도쿄일렉트론코리아] 2022년 상반기 2차 추가,경기도 화성,게임>빅데이터·AI(인공지능)> Python|인터넷·IT·통신·모바일·게임... 인터넷·IT·통신·모바일·게임>응용프로그래머> Python|인터넷·IT·통신·모바일·게임>웹프로그래머> Python|경영·인사·총무·사무>총무·법무·특허...
https://kr.indeed.com/viewjob?jk=bc5cb223961d5409,[11번가] 데이터 엔지니어 분야,서울 중구,"kafka, Mongodb, Python 기반의 pub / sub 처리... 있으신 분- rdbms 데이터 설계 및 SQL 활용 능력이 있으신 분- Python, Shell, Sql, Procedure 등을 통한 데이터 처리와..."
https://kr.indeed.com/viewjob?jk=06fe2b4d14f3ad0d,[R&D] 딥러닝 엔지니어,성남 분당구,"시스템 개발· GPU 인프라 관리 및 최적화필수 경험과 역량· 하나 이상의 프로그래밍 언어에 능숙한 분(예: Python, C++, Golang 등)· 머신러닝/딥러닝 모델을 서비스에 적용하고 운영해본 경험이 있는 분· OS..."
https://kr.indeed.com/viewjob?jk=d1d26bc871719fe2,대학생인턴십 2기 모집,서울 영등포구,"러시아어 회화 가능자 - 통계 프로그래밍(Minitab, SPSS, SAS 등), 프로그래밍언어(R, Python 등) 활용 경험 보유자 - 빅데이터/IT/품질/환경안전 관련 자격증 보유자 - PLC,N/W, 비전, 센터..."
https://kr.indeed.com/viewjob?jk=e2f85f15e72b148a,[11번가] 데이터 아키텍처 분야,서울 중구,"설계하고 필요한 기술set으로 개발하여 서비스에 전달 가능하신 분- Python, shell, Procedure 등을 통한 데이터 처리와 Batch... DBA>SQL|인터넷·IT·통신·모바일·게임>응용프로그래머> Python"
https://kr.indeed.com/viewjob?jk=679e7e7466c71a3e,Quantitative Research Intern,서울,languages (C++ and Python preferred) Able... 예정자 우수한 학업 성적 프로그래밍 언어에 익숙한 분 (C++ 및 Python 선호) 영어로 의사소통이 가능하신 분 글로벌 금융 시장에 대해 배우려는...
https://kr.indeed.com/viewjob?jk=1601f1bfe3302af5,2022년 상반기 백엔드 개발자,성남 분당구,"및 경력자 우대 - IT관련 경진대회 수상자 우대 - JS, PHP, Python 등 Back End 관련 프로젝트 경험자 우대 - SQL관련 자격증... 진대회 수상자- JS, PHP, Python 등 Back End 관련 프로..."
https://kr.indeed.com/viewjob?jk=7b221453e5de306e,센서 실험실 엔지니어 인턴십 (12개월),서울 강남구,학사.석사 재학생 및 휴학생 - Python 등 소프트웨어 언어 사용 경험... 험실 관리 지원- 전공 무관 / 대학교 학사.석사 재학생 및 휴학생- Python 등 소프트웨어 언어 사용 경험이 있는 분- 12개월 간 업무를 진행...
https://kr.indeed.com/viewjob?jk=b43f78f340314d3e,[코어라인소프트] 인공지능 엔진 및 영상처리 개발자 찾습니다.,서울 마포구,바일·게임>빅데이터·AI(인공지능)>인공지능(AI)|인터넷·IT·통신·모바일·게임>빅데이터·AI(인공지능)> Python|전자·기계·기술·화학·연구개발>광학·의료장비>AI의료|전자·기계·기술·화학·연구개발>광학·의료장비>의료영...
https://kr.indeed.com/viewjob?jk=b74f68a04bfffecb,음성합성(TTS) 기술 전문가,서울 종로구,인터넷·IT·통신·모바일·게임>응용프로그래머>C·C++|인터넷·IT·통신·모바일·게임>응용프로그래머> Python|인터넷·IT·통신·모바일·게임>네트워크·서버·보안>UNIX·LINUX계열 서버운영·관리|인터넷·IT·통신·모바일...
https://kr.indeed.com/viewjob?jk=e6f79134827d23a7,데이터분석 전문가 모집,서울 남대문로5가,"Data Studio R Python 담당 직무 11번가 데이터분석팀에... 용한 데이터 시각화 업무 경험이 있으신 분 •데이터 분석을 위한 R, Python등 프로그래밍 언어 활용이 가능하신 분 근무지 서울 스퀘어 지원..."
https://kr.indeed.com/viewjob?jk=0859d920f19f3e06,업계 최고 대우로 파이썬(Python) 개발자,서울 강남구,"직무내용] - Python + Django 기반의 백엔드 서비스- NoSQL, 대용량 데이터베이스- API 서비스 개발- (옵션) A.I 또는 Cloud 서비스 개발 [근무시간 및 형태] 주 5일 근무 (오전) 10시 00분..."
https://kr.indeed.com/viewjob?jk=9b42d30ef3887123,제어 엔지니어 신입 (전문연구요원),서울 강남구,전공- Matlab / Simulink 프로그래밍 사용 가능자[우대사항]- 컨트롤러 설계 경험 - C 또는 Python 프로그래밍 역량 - 운전 가능자- 석사학위 소지자 전문연구요원 가능 1 명 근무조건 고용형태: 정규직근무...
https://kr.indeed.com/viewjob?jk=6d4c339f382395ab,Technical Support Engineering-AKS,서울,"script-based development environments and tools (PERL, Python, Ruby, PhP, etc.) • Experience in Core Linux administration..."
https://kr.indeed.com/viewjob?jk=e30fe92d72ceb17c,"자율 주행, 로봇 SW 개발자",성남 수정구,"(주)에바 모집부문 및 자격요건 모집부문 담당업무 자격요건 인원 자율주행 SW 엔지니어 Python응용SW [담당업무]ROS 개발, 로봇 주행 알고리즘 개발, SW Optimization[근무부서 및 직급/직책]근무부서: 개발팀..."
https://kr.indeed.com/viewjob?jk=97aa1e0f915cddbf,일반직 경력직원 모집[정보보안 전문가],서울 여의도,"분야 학위 전공자 ㆍSIEM 및 보안장비 운영 경험자 ㆍ정보보호 관제분야 실무 경험 ㆍC++, JAVA, Python 등 개발 경력 주1) 0명 채용 예정(인원은 변경 가능) 주2) [필요기술] 中 최소 1개 이상 충족할..."
https://kr.indeed.com/viewjob?jk=e91c471919127ddc,[무료교육/취업지원] 데이타 분석가 / 웹풀스택 개발자 과정 교육생,성남 분당구,통신·모바일·게임>빅데이터·AI(인공지능)>데이터분석|인터넷·IT·통신·모바일·게임>빅데이터·AI(인공지능)> Python|인터넷·IT·통신·모바일·게임>빅데이터·AI(인공지능)>머신러닝|인터넷·IT·통신·모바일·게임>빅데이터...
https://kr.indeed.com/viewjob?jk=91675c17d1d0dbd8,프론트엔드(신입) 개발자 /충주,충청북도 충주,및 제출서류에 허위사실이 있을 경우 채용이 취소될 수 있습니다. 인터넷·IT·통신·모바일·게임>웹프로그래머> Python|인터넷·IT·통신·모바일·게임>웹프로그래머>웹개발|인터넷·IT·통신·모바일·게임>웹프로그래머>JAVA...
https://kr.indeed.com/viewjob?jk=f0752e37b4561f8a,데이터분석가 - Global Leading Consulting Firm,서울,모바일·게임>빅데이터·AI(인공지능)>데이터분석|인터넷·IT·통신·모바일·게임>빅데이터·AI(인공지능)> Python|인터넷·IT·통신·모바일·게임>빅데이터·AI(인공지능)>인공지능(AI)|마케팅·광고·홍보·조사>조사·분석...
https://kr.indeed.com/viewjob?jk=aa6f254ad2d9c8ed,[Cloud] 클라우드 엔지니어(보안),성남 분당구,"운영 경험이 있는 분· 하나 이상의 프로그래밍 언어(Javascript, Python, Go 등)에 익숙한 분· 클라우드 보안 아키텍쳐(IAM, SG... 로그래머>클라우드|인터넷·IT·통신·모바일·게임>응용프로그래머> Python"
https://kr.indeed.com/viewjob?jk=78e99625e5de3c95,전문연구요원 (병역특례) 수시 (AI / HW 분야),성남 분당구,"모델의 RTL IP 설계 및 IP 검증 가능자 - Language: Python/Perl, C/C++ [우대 조건] - ARM based SoC 설계... Linux, shell, tcl, python, perl 사용 원활..."
https://kr.indeed.com/viewjob?jk=a92b737cbbdf425f,[포티투마루] 인공지능(AI) 챗봇사업부 전 직군,서울 서초구,바일·게임>빅데이터·AI(인공지능)>인공지능(AI)|인터넷·IT·통신·모바일·게임>빅데이터·AI(인공지능)> Python|인터넷·IT·통신·모바일·게임>빅데이터·AI(인공지능)>자연어처리|인터넷·IT·통신·모바일·게임>빅데이터...
https://kr.indeed.com/viewjob?jk=cb63641cc4abe8f0,데이터표준품질부문 경력직 (정규직),서울 강남구,데이터분석|인터넷·IT·통신·모바일·게임>빅데이터·AI(인공지능)> Python|인터넷·IT·통신·모바일·게임>빅데이터·AI(인공지능)>R|인터넷... DBA>MySQL|인터넷·IT·통신·모바일·게임>응용프로그래머> Python
https://kr.indeed.com/viewjob?jk=4965ce15b59b6cb6,[Beluga] 음성 (TTS/STT) 딥러닝 엔지니어 (2년 이상),서울 강남구,보유하신 분 (PyTorch)독창적인 기술 제시 및 문제 해결을 위한 프로그래밍 능력을 보유하신 분 ( Python/shell 등) 인터넷·IT·통신·모바일·게임>ERP·시스템분석·설계>딥러닝|인터넷·IT·통신·모바일·게임...
https://kr.indeed.com/viewjob?jk=3d7d0b43149555b0,환인제약(주) 상시 인재pool 등록,경기도 안성,기술지원|인터넷·IT·통신·모바일·게임>응용프로그래머>JAVA|인터넷·IT·통신·모바일·게임>응용프로그래머> Python|인터넷·IT·통신·모바일·게임>웹프로그래머>JSP|인터넷·IT·통신·모바일·게임>데이터베이스·DBA...
https://kr.indeed.com/viewjob?jk=a1b019c008c1dfd6,Developer Associate,서울,"Experience in multi-thread programming Experience in SQL, Python, Git Experienced... development on Linux environment..."
https://kr.indeed.com/viewjob?jk=47964c73151dfaee,SW개발자 신입,서울 강남구,"자격요건 담당업무 자격요건 인원 [담당업무]- 응용 프로그램 개발- Python, LabVIEW, C/C++, C# 언어 활용- 제어/계측 프로그램... Labview|인터넷·IT·통신·모바일·게임>응용프로그래머> Python"
https://kr.indeed.com/viewjob?jk=2cc585f7bc14014c,ASUM 광고 플랫폼 개발자,서울 중구,배치 작업 개발 경험원활한 협업 능력자격요건 인터넷·IT·통신·모바일·게임>웹프로그래머> Python|인터넷·IT·통신·모바일·게임>응용프로그래머> Python|인터넷·IT·통신·모바일·게임>빅데이터·AI(인공지능)> Python
https://kr.indeed.com/viewjob?jk=387f236ffa872fe8,하반기 경력직 채용[CAT],서울 수송동,"Python, R 및 SQL 기반) - CAT Model 운용 구축 [우대사항] ㆍCAT Model 운용 구축 경력, CAT Model 전문회사 근무경력 ㆍ기후변화 관련 분석 및 Tool 개발 경력 ㆍ Python, R..."
https://kr.indeed.com/viewjob?jk=9f50e72b1130520d,[정규직] 2022년 소프트웨어 연구개발 신입/경력 사원,울산 북구,"담당업무]- (S/W) 영상처리, 인공지능(AI) 개발 (java, Python, QT... W) 드론 제어시스템 S/W 개발 (C#, .Net... 게임>빅데이터·AI(인공지능)> Python|인터넷·IT·통신·모바일·게임..."
https://kr.indeed.com/viewjob?jk=8a388e0a6b2860e5,봇빌더 대화관리 기술 전문가,서울 종로구,"역량 · 규칙기반, 기계학습기반 대화 관리 기술에 대한 이해 및 응용 역량 · C/C++ 개발 역량, JAVA/ Python 개발 가능- 경험사항 · 규칙기반, 기계학습기반 대화관리 엔진/모델 개발 경험 · 대화형 AI 서비스..."
https://kr.indeed.com/viewjob?jk=6d86e9f32d31c84f,Data 분야 경력,서울,"해가 뛰어난 자 - R, Python, SAS, SQL 등 활용 역량 우대사항(해당 내용 중 1개 이상) - ML/DL 경험 인력 우대 - 관련 분야 석사 이상 학위 소지자 우대 - R, Python등 데이터분석 모델링 경험..."
https://kr.indeed.com/viewjob?jk=69d3cc2cca262747,Machine Learning Engineer Intern - Korea,서울,"Fluent... least one programming language including Python, Java, and Golang. Fluent in speaking and writing both Korean..."
https://kr.indeed.com/viewjob?jk=f3ff5ca7221c259b,모바일 개발자 채용,서울 상암동,소지자 - PHP/HTML 기반 모바일 웹 개발 가능자 - 스마트폰 어플리케이션 개발 가능자 우대 - Python 개발 경험자 우대 - AWS Cloud 환경의 이해 및 활용 경험자 우대 - 동종업계 유경험자 우대 전형방...
https://kr.indeed.com/viewjob?jk=9a9bd236f2d05ff3,Python 기반 빅데이터분석가,서울 방배동,근무조건 정규직 급여 2500~3000만원 지원자격 신입 학력무관 기업정보 2011년 설립(업력 12년) 사원 25명 비상장 중소기업 상세보기
https://kr.indeed.com/viewjob?jk=bdcfb8150f3beed4,"[양재역] AI/빅데이터 Data Scientist (석,박사)",서울 서초구,"능력 - 데이터를 읽고 쓰고 살펴보기 위한 프로그래밍 코딩(예. R, Python, MatLab, TensorFlow 등)의 이해와 활용능력 - 데이... 프로그래밍 코딩(예. R, Python, MatLab, TensorFlow..."
https://kr.indeed.com/viewjob?jk=d39d5624bfcc6b01,인사분야 신입사원 모집,서울 역삼동,"기획 • 전공무관 (상경계열 전공 우대) Trading • 전공무관 (상경/화공계열 전공 우대) • Python, VBA 등 코딩 능숙자 우대 재무(회계) • 전공무관 (재무관리/파생상품 관련 전공 우대) 구매..."
https://kr.indeed.com/viewjob?jk=40de6a4b81f8724f,[전문연구요원 신규편입/전직] 의료영상/음성인식/생체신호 연구원,서울 서초구,인공지능)>텍스트마이닝|인터넷·IT·통신·모바일·게임>빅데이터·AI(인공지능)>인공지능(AI)|인터넷·IT·통신·모바일·게임>빅데이터·AI(인공지능)> Python|인터넷·IT·통신·모바일·게임>빅데이터·AI(인공지능)>딥러닝
https://kr.indeed.com/viewjob?jk=8d6a773105013ee1,"[리얼클래스]백엔드 개발자 (Backend Developer, Python)",서울 강남구,"본사 (서울시 강남구 테헤란로 509 NC타워, 10층) 인터넷·IT·통신·모바일·게임>웹프로그래머>백엔드|인터넷·IT·통신·모바일·게임>웹프로그래머> Python|인터넷·IT·통신·모바일·게임>ERP·시스템분석·설계>AWS"
https://kr.indeed.com/viewjob?jk=f1971f45d0caf8ca,개발자 경력/신입 사원 공개 채용,서울 남대문로5가,"전반적인 이해 • 우대사항 - Python 서비스 개발 경험자 - AWS... 경우 '22년 8월 예정자 지원 가능) • 우대사항 - Java, Python, Mysql, C# 등 WEB 개발 경험 정규직 0명 ※ 근무지..."
https://kr.indeed.com/viewjob?jk=058e9510f9548e49,인공지능(딥러닝) 로봇 자동화 소프트웨어 개발자(Python우대),서울 성수동1가,"근무조건 정규직 급여 3000~4000만원 직접입력 | 탄력근무제 서울 성동구, 서울 광진구 지하철 서울2호선 뚝섬역 지원자격 신입, 경력 무관, 경력무관 학력무관 우대조건 제대군인, 해당업무 근무경험 기업정보..."
https://kr.indeed.com/viewjob?jk=9646a7a65ab83928,NPU SDK 개발자,경기도,통신·모바일·게임>빅데이터·AI(인공지능)>데이터분석|인터넷·IT·통신·모바일·게임>빅데이터·AI(인공지능)> Python|인터넷·IT·통신·모바일·게임>빅데이터·AI(인공지능)>머신러닝|인터넷·IT·통신·모바일·게임>빅데이터...
https://kr.indeed.com/viewjob?jk=ec5c7ccd76639120,[외국계 스타트업 미소] Data Analyst,서울,통신·모바일·게임>빅데이터·AI(인공지능)>데이터분석|인터넷·IT·통신·모바일·게임>빅데이터·AI(인공지능)> Python|인터넷·IT·통신·모바일·게임>데이터베이스·DBA>MySQL|인터넷·IT·통신·모바일·게임>데이터베이스...
https://kr.indeed.com/viewjob?jk=b54a1caae4992ed9,[Vueron] 딥러닝 엔지니어 - 자율주행/라이다 처리,서울 강남구,"딥러닝 엔지니어 모집부문 및 자격요건 담당업무 자격요건 인원 [담당업무]- 라이다 인지 기술 개발 (C/ Python)- 딥러닝/머신러닝 솔루션 연구, 디자인, 개발- 딥러닝/머신러닝을 활용한 분류/추적/예측- 실시간 데이터를..."
https://kr.indeed.com/viewjob?jk=90fbc1c2488bed24,R&D 개발 신입 채용,서울 수송동,"능자 우대 - Javascript or Typescript, React or NextJS 사용 가능자 - Python, Pandas, FastAPI 사용 가능자 우대 - Tensorflow, pyTorch, Jax 사용 가능..."
https://kr.indeed.com/viewjob?jk=68263ea21ea66013,[정규직] 2022년 소프트웨어 연구개발 신입/경력 사원,울산 남구,"기계기구 제어시스템 S/W 개발 (C#, .Net... W) 영상처리, 인공지능(AI) 개발 (java, Python, QT) - (H/W) 3D 프린터 및 각종 기계기구 임베디드 개발- 근무부서 : 개발팀 (기술연구소..."
https://kr.indeed.com/viewjob?jk=e44ca82dfc83456c,[Engineering Div.] Data Analyst Intern (체험형),서울 서초구,"가진 분과 함께 성장하고 싶습니다! (필수요건) Knowledge of Python, Spark and SQL 이런 경험들이 있다면 저희가 찾는 그... 통신·모바일·게임>응용프로그래머> Python|인터넷·IT·통신·모바일·게임..."
https://kr.indeed.com/viewjob?jk=7b89aebb86d5058d,[인텔리전스랩스] 데이터 분석가 (ML 서비스 및 로그 분석),경기도 성남,"소통 최소화를 위한 대시보드 구성 및 개발 > 지표 추가 및 변경에 따른 대시보드 유지보수 지원자격 - Python을 활용한 데이터 분석 경험 - 딥 러닝, 머신러닝에 대한 이론적 이해 - 원활한 협업 능력 및 자기주..."
https://kr.indeed.com/viewjob?jk=87309d3ff40ead61,딥러닝 AI 개발 연구원,성남 수정구,시스템프로그래머>임베디드(Embedded)|인터넷·IT·통신·모바일·게임>응용프로그래머>C·C++|인터넷·IT·통신·모바일·게임>응용프로그래머>Linux|인터넷·IT·통신·모바일·게임>빅데이터·AI(인공지능)> Python
https://kr.indeed.com/viewjob?jk=19da3484bd7a72f1,Machine Learning R&D 연구원,서울 서초구,"가능) ㆍ최신 딥러닝, 기계학습 이론에 대한 이해 및 구현 역량 ㆍ Python, TnsorFlow, C/C++, TensorRT 등 프로그래밍 실무... 대한 이해 및 구현 역량 ㆍ Python, TnsorFlow, C/C++..."
https://kr.indeed.com/viewjob?jk=602c72f2cdb71d6c,[Project MOD] 백엔드 개발자,경기도 성남,"설계 및 구현 - Kubernetes를 활용한 마이크로 서비스 개발 지원자격 - C#, Java, Python 등을 활용해서 API 서비스 개발 경험이 있으신 분 - 네트워크 프로그래밍, 멀티 스레드 프로그래밍 경험이..."
https://kr.indeed.com/viewjob?jk=53c7c22b9dacbbe3,서버 개발자 Python(Django) Developer (경력),서울 마포구,유관직무 경력자 우대 서버 개발자 Python(Django) Developer... 있습니다.■ 자격 요건 인터넷·IT·통신·모바일·게임>웹프로그래머> Python|인터넷·IT·통신·모바일·게임>웹프로그래머>웹개발|인터넷·IT·통신...
https://kr.indeed.com/viewjob?jk=e742db63ad7e269f,프론트엔드 개발자/디자이너/기획/마케터 정직원,성남 수정구,JAVA|인터넷·IT·통신·모바일·게임>웹프로그래머>백엔드|인터넷·IT·통신·모바일·게임>웹프로그래머> Python|인터넷·IT·통신·모바일·게임>웹프로그래머>HDML|인터넷·IT·통신·모바일·게임>웹프로그래머>APM|인터넷...
https://kr.indeed.com/viewjob?jk=2f5720ce0097c1ce,반도체 사업부 - Fab Automation Engineer,서울 송파구,"년 이상의 반도체/전자조립장비, 산업자동화/공정장비 경력보유자 (MES, SECS, GEM)프로그래밍 언어( Python, C#, C++ and MATLAB) 사용에 능통한 자비즈니스 레벨의 영어 가능자* 주요제품< 전자·기계..."
https://kr.indeed.com/viewjob?jk=3c6afe132c4ac77c,"자연어 처리, 인공지능, 데이터 사이언스 연구자 및 개발자",서울 서초구,모바일·게임>빅데이터·AI(인공지능)>데이터분석|인터넷·IT·통신·모바일·게임>빅데이터·AI(인공지능)> Python|인터넷·IT·통신·모바일·게임>빅데이터·AI(인공지능)>자연어처리|인터넷·IT·통신·모바일·게임>빅데이터...
https://kr.indeed.com/viewjob?jk=554e814302b8a380,딥러닝 통한 인공지능 솔루션 개발자,서울 송파구,무관 (신입도 지원 가능)ㆍ기계학습과 딥러닝에 대한 전문 지식을 갖추고 관련 프로젝트 경험이 있으신 분ㆍ Python 기반의 머신러닝 프레임워크 사용 경험이 있으신 분ㆍ딥러닝 기반의 인공지능 솔루션 개발 경험이 있으신 분 1...
https://kr.indeed.com/viewjob?jk=f8bfec7bfbdffd0a,애플리케이션 개발자&컨설턴트 정규직,서울 강남구,"Platform 컨설팅> JAVA/ Python/JScript 등의 개발... 경력(연차무관)학력사항: 대학(2,3년)졸업 이상직무기술: java, Python, javascript기타: > Basic SQL, HTML, CSS..."
https://kr.indeed.com/viewjob?jk=f10f40f07ee55b7d,[진행중] 빅데이터사업부 전문직(데이터 사이언티스트) 채용공고,서울 회현동,"컴퓨터공학)/수학/통계 관련 전공자 - 은행, 카드, 보험 등 금융 데이터 활용 분석 경험 보유자 - Python/R/Java 등 분석 및 프로그래밍 언어 사용 경험자 - 상품 추천, 이탈 예측, VOC 분석(STT..."
https://kr.indeed.com/viewjob?jk=df1a4900d5aaae78,경남 인공지능/블록체인 교육과정 (2022 ICT이노베이션스케워 확산 사업),대한민국,데이터분석|인터넷·IT·통신·모바일·게임>빅데이터·AI(인공지능)> Python|인터넷·IT·통신·모바일·게임>빅데이터·AI(인공지능)>머신러닝|인터넷... 통신·모바일·게임>응용프로그래머> Python|인터넷·IT·통신·모바일·게임...
https://kr.indeed.com/viewjob?jk=4ae5eb5bb613a826,[클라우드플랫폼실] System Engineering팀 클라우드 엔지니어,서울 강남구,라우드|인터넷·IT·통신·모바일·게임>응용프로그래머>Linux|인터넷·IT·통신·모바일·게임>응용프로그래머> Python|인터넷·IT·통신·모바일·게임>통신·모바일>플랫폼(VM)|인터넷·IT·통신·모바일·게임>ERP·시스템분석...
https://kr.indeed.com/viewjob?jk=8e60094702b4fe05,웹시스템 및 솔루션 분야 프로그래머 및 웹퍼블리셔,서울 금천구,"년 이하)학력사항: 대학(2,3년)졸업 이상직무기술: 웹프로그래밍, 웹개발, 자바, JQUERY, AJAX, PYTHON, 리눅스, SPRING, JAVASCRIPT, MYSQL, MYBATIS, 응용프로그래밍, 응용프로그램..."
https://kr.indeed.com/viewjob?jk=be6e40465e851e7d,[외국계상장사]데이터분석가(Data Analyst),서울,"마케팅 & 미디어 & 고객 데이터 분석을 통한 전략 수립 경험 - 영어 능통자 *우대사항* - R, Python, SQL - 프로그래머틱 광고 플랫폼에 대한 경험 및 이해도 - 클라이언트 매니지먼트 경험 근무 형태..."
https://kr.indeed.com/viewjob?jk=228e6b23849c5128,"AI: 데이터분석 통한 예측모델링, 알고리즘, 개인화 추천 전문가 (과장/대리급), TOP금융그룹 투자",서울 영등포구,인공지능)>인공지능(AI)|인터넷·IT·통신·모바일·게임>빅데이터·AI(인공지능)>데이터분석|인터넷·IT·통신·모바일·게임>빅데이터·AI(인공지능)> Python|인터넷·IT·통신·모바일·게임>빅데이터·AI(인공지능)>머신러닝
https://kr.indeed.com/viewjob?jk=f19efd51da24a108,[경력 3년 이상] 데이터 엔지니어 본격,서울 성동구,모바일·게임>데이터베이스·DBA>데이터사이언스|인터넷·IT·통신·모바일·게임>데이터베이스·DBA>SQL|인터넷·IT·통신·모바일·게임>빅데이터·AI(인공지능)> Python|인터넷·IT·통신·모바일·게임>응용프로그래머>JAVA
https://kr.indeed.com/viewjob?jk=a97c64d23628727b,AI 분야 경력직 추가 채용,서울 종로구,"검토를 통한 알고리즘 개발역량 · 데이터 분석전략 수립 및 다양한 AI 프로젝트 수행 경험 보유자 · Python(Numpy/Pandas), C/C++ 中 1개이상 전문가레벨 기술보유 · Tensorflow, Keras..."
https://kr.indeed.com/viewjob?jk=07aab0cc98af9ffe,AI Frameworks Engineer,서울,experience in deep learning frameworks Programming with Python or Shell script Experience with large-scale software projects...
https://kr.indeed.com/viewjob?jk=9599ecb61b39136a,웹 스크래핑 개발자 영입,성남 분당구,로그래머> Python|인터넷·IT·통신·모바일·게임>응용프로그래머>JAVA|인터넷·IT·통신·모바일·게임>응용프로그래머> Python|인터넷·IT·통신... 코딩)|인터넷·IT·통신·모바일·게임>빅데이터·AI(인공지능)> Python
https://kr.indeed.com/viewjob?jk=35c2ac41489508c1,NPU 런타임 SW 엔지니어,성남 분당구,통신·모바일·게임>응용프로그래머>인공지능(AI)|인터넷·IT·통신·모바일·게임>빅데이터·AI(인공지능)> Python|인터넷·IT·통신·모바일·게임>빅데이터·AI(인공지능)>머신러닝|인터넷·IT·통신·모바일·게임>빅데이터·AI...
https://kr.indeed.com/viewjob?jk=5c6fe384fabdbd45,서버 백 엔드 개발자,서울 마포구,작성되어 있어 이를 PHP기반 Laravel프레임워크로리팩토링 중입니다. 새로운 서비스 개발에는 PHP와 Python등을 활용합니다. 담당업무 - 백엔드 서버 API개발 - Legacy 코드 유지보수 / 리팩토링 - 내부...
https://kr.indeed.com/viewjob?jk=f4a6e37c7708afae,QC 경력자,서울 강남구,"경력자 (팀장)-Linux OS에 대한 이해를 갖추신 분-TCP/IP 패킷 분석이 가능하신 분-개발언어 ( python, sql 등) 가능하신 분-긍정적 사고와 유연한 커뮤니케이션 능력을 갖추신 분 [근무시간 및 형태] 주 5..."
